,102-1-B-BENA,102-1-C-BENA,102-1-C-SAPU,102-1-D-SAPU,102-2-A-SAPU,102-2-B-BENA,102-2-C-BENA,102-2-C-SAPU,102-3-A-BENA,102-3-A-SAPU,102-3-B-BENA,102-3-D-SAPU,102-4-A-BENA,102-4-A-SAPU,102-4-C-BENA,102-4-C-SAPU,111-1-A-BENA,111-1-B-BENA,111-2-A-BENA,111-2-C-SAPU,111-2-D-BENA,111-3-A-BENA,111-3-D-BENA,111-4-A-BENA,111-4-C-BENA,121-1-C-BENA,121-1-D-BENA,121-2-A-BENA,121-2-B-BENA,121-3-C-BENA,121-3-D-BENA,121-4-A-BENA,121-4-B-BENA,129-1-A-BENA,129-1-B-BENA,129-2-B-BENA,129-2-C-BENA,129-2-C-SAPU,129-3-A-BENA,129-3-B-BENA,129-4-A-SAPU,129-4-B-SAPU,129-4-C-BENA,129-4-D-BENA,147-1-A-BENA,147-1-A-SAPU,147-1-B-BENA,147-1-D-SAPU,147-2-A-BENA,147-2-B-SAPU,147-2-C-SAPU,147-2-D-BENA,147-3-A-BENA,147-3-B-SAPU,147-3-C-BENA,147-3-C-SAPU,147-4-A-BENA,147-4-A-SAPU,147-4-C-SAPU,147-4-D-BENA,151-1-C-BENA,151-1-D-BENA,151-2-A-BENA,151-2-B-BENA,151-3-A-BENA,151-3-C-BENA,151-4-A-BENA,151-4-B-SAPU,151-4-D-BENA,158-1-A-SAPU,158-1-B-BENA,158-1-C-SAPU,158-1-D-BENA,158-1-D-SAGL,158-2-B-BENA,158-2-C-BENA,158-2-C-SAPU,158-2-D-SAPU,158-3-A-BENA,158-3-A-SAPU,158-3-B-SAPU,158-3-D-BENA,158-4-A-BENA,158-4-C-BENA,158-4-C-SAPU,173-1-A-BENA,173-1-A-SAPU,173-1-B-BENA,173-1-B-SAPU,173-2-A-BENA,173-2-C-BENA,173-2-C-SAPU,173-2-D-SAPU,173-3-A-SAPU,173-3-B-BENA,173-3-B-SAPU,173-3-C-BENA,173-4-B-BENA,173-4-B-SAPU,173-4-C-BENA,173-4-C-SAPU,184-1-A-SAPU,184-1-B-BENA,184-1-C-BENA,184-1-C-SAPU,184-2-A-BENA,184-2-A-SAPU,184-2-D-BENA,184-2-D-SAPU,184-3-B-BENA,184-3-C-SAPU,184-3-D-BENA,184-3-D-SAPU,184-4-C-SAPU,184-4-D-SAPU,191-1-B-SAPU,191-1-C-BENA,191-1-C-SAPU,191-1-D-BENA,191-2-A-BENA,191-2-A-SAPU,191-2-B-BENA,191-2-B-SAPU,191-3-A-BENA,191-3-A-SAPU,191-3-B-SAPU,191-3-D-BENA,191-4-A-BENA,191-4-A-SAPU,191-4-B-BENA,191-4-D-SAPU,60-1-A-BENA,60-1-B-BENA,60-1-B-SAPU,60-2-A-BENA,60-2-C-SAPU,60-2-D-BENA,60-2-D-SAPU,60-3-A-BENA,60-3-A-SAPU,60-3-B-SAPU,60-3-D-BENA,60-4-A-BENA,60-4-A-SAPU,60-4-B-BENA,60-4-D-SAPU,72-1-A-SAPU,72-1-C-BENA,72-1-C-SAGL,72-1-D-BENA,72-1-D-SAPU,72-2-A-BENA,72-2-A-SAGL,72-2-B-BENA,72-2-C-SAPU,72-2-D-SAPU,72-3-A-SAGL,72-3-B-SAPU,72-3-C-BENA,72-3-D-BENA,72-3-D-SAGL,72-4-A-BENA,72-4-B-SAPU,72-4-D-BENA,72-4-D-SAPU,86-1-A-BENA,86-1-A-SABE,86-1-B-BENA,86-1-D-SABE,86-2-A-BENA,86-2-B-BENA,86-2-C-SABE,86-2-D-SABE,86-3-A-BENA,86-3-C-SABE,86-3-D-BENA,86-3-D-SABE,86-4-A-SABE,86-4-C-BENA,86-4-D-BENA,86-4-D-SABE,97-1-B-SAPU,97-1-C-BENA,97-1-D-BENA,97-1-D-SAPU,97-2-A-BENA,97-2-B-BENA,97-2-B-SAPU,97-2-C-SAPU,97-3-A-BENA,97-3-D-BENA,97-3-D-SAPU,97-4-B-BENA,97-4-D-BENA
2019,0.06825,0.08575,1.01625,0.682,0.0365,0.1345,0.0665,0.3335,0.048,0.456,0.0525,0.38525,0.159,0.169,0.07966667,0.49025,0.07175,0.06025,0.09425,0.43275,0.0885,0.069,0.233,0.215,0.06866667,0.0655,0.0965,0.12966667,0.13175,0.349,0.1125,0.281,0.1345,0.387,0.106,0.3595,0.2955,0.974,0.23275,0.1495,0.561,0.639,0.4065,0.21,0.04425,0.03966667,0.02975,0.20025,0.0235,0.0595,0.35875,0.02125,0.0325,0.16375,0.04125,0.145,0.09025,0.131,0.0435,0.0435,0.11775,0.0545,0.096,0.03125,0.0085,0.0495,0.07625,0.09,0.13125,0.904,0.1995,0.331,0.26766667,0.49975,0.395,0.05025,0.7055,0.47675,0.32425,0.243,0.65633333,0.32475,0.563,0.419,0.32833333,0.0465,0.5025,0.031,0.2,0.1035,0.307,0.48225,0.08725,0.1435,0.02975,0.29875,0.051,0.03775,0.39166667,0.08875,0.5035,0.278,0.14925,0.096,0.3805,0.02675,0.4705,0.026,0.41525,0.08266667,0.1775,0.02075,0.263,0.108,0.0615,0.4725,0.0285,0.40825,0.07875,0.03675,0.38275,0.09375,0.1675,0.036,0.27275,0.12125,0.07566667,0.20575,0.10575,0.074,0.19575,0.1975,0.058,0.153,0.08975,0.03475,0.06125,0.10425,0.13525,0.183,0.049,0.06425,0.047,0.06425,0.10175,0.10475,0.201,0.05075,0.04475,0.0825,0.02,0.10125,0.129,0.0695,0.13825,0.19866667,0.1825,0.1285,0.05475,0.0425,0.07625,0.03925,0.043,0.0355,0.33375,0.329,0.11675,0.30125,0.882,0.457,0.2605,0.11925,0.725,0.601,0.544,0.445,0.303,0.26433333,0.697,0.23166667,0.407,0.483,0.05375,0.22675,0.722,0.29,0.3765,1.76233333,0.28375,0.048,0.14225,0.78625,0.103,0.15575
2018,0.096,0.1245,1.0845,0.682,0.059,0.1585,0.08475,0.22825,0.04975,0.41375,0.082,0.204,0.1505,0.20875,0.02366667,0.61,0.13025,0.0895,0.11,0.38775,0.0705,0.08375,0.2775,0.28275,0.06633333,0.1105,0.19525,0.13966667,0.1185,0.51825,0.12525,0.60425,0.311,0.26975,0.1945,0.2315,0.2035,1.138,0.401,0.25175,0.704,0.7295,0.3315,0.24575,0.03125,0.03933333,0.0225,0.261,0.018,0.0555,0.2625,0.027,0.014,0.132,0.0275,0.171,0.02,0.0895,0.036,0.036,0.28525,0.058,0.12625,0.028,0.016,0.0895,0.08975,0.05125,0.13775,1.6495,0.2565,0.4405,0.40733333,0.60475,0.98433333,0.0395,1.14325,0.5385,0.32875,0.4025,1.11466667,0.3685,0.721,0.64733333,0.30266667,0.084,0.915,0.009,0.75725,0.09425,0.3395,0.56575,0.19325,0.14425,0.0155,0.601,0.07725,0.051,0.76566667,0.07325,0.6795,0.1795,0.2235,0.18,0.50275,0.025,0.87425,0.0175,0.33625,0.07466667,0.091,0.03975,0.30275,0.08425,0.056,0.3585,0.016,0.258,0.0465,0.02975,0.5035,0.08425,0.08375,0.02466667,0.268,0.219,0.091,0.21775,0.08125,0.02425,0.1955,0.3325,0.1295,0.3855,0.113,0.03425,0.0925,0.04875,0.113,0.19333333,0.01375,0.071,0.071,0.06675,0.0505,0.053,0.0595,0.02975,0.1195,0.034,0.0205,0.06275,0.08025,0.10075,0.156,0.13233333,0.21825,0.10625,0.08,0.03925,0.02325,0.019,0.03433333,0.01825,0.25775,0.34875,0.2365,0.3095,1.181,0.472,0.3355,0.1685,0.495,0.324,0.5015,0.51225,0.21625,0.16433333,0.85066667,0.284,0.331,0.371,0.04875,0.215,0.41825,0.2175,0.2555,2.09566667,0.22775,0.09875,0.146,0.90925,0.09525,0.21925
2017,0.127,0.1715,0.8845,0.4,0.08,0.1265,0.146,0.192,0.04075,0.4085,0.10025,0.30825,0.227,0.13775,0.03333333,0.318,0.07375,0.10225,0.12875,0.4385,0.0865,0.089,0.205,0.205,0.05366667,0.06025,0.20925,0.15433333,0.15325,0.44975,0.15175,0.512,0.18125,0.33925,0.4385,0.216,0.234,0.5875,0.31475,0.29125,0.60525,0.6135,0.3435,0.3745,0.04075,0.05033333,0.02975,0.04575,0.0195,0.0665,0.205,0.02575,0.06925,0.11425,0.08775,0.079,0.071,0.07675,0.04775,0.04775,0.114,0.04225,0.15725,0.0415,0.1205,0.06675,0.026,0.0505,0.07125,0.964,0.21375,0.4385,0.316,0.42225,0.58466667,0.0175,0.7615,0.547,0.12075,0.20825,0.81566667,0.093,0.647,0.68175,0.34833333,0.0605,0.47225,0.0425,0.5465,0.06325,0.38125,0.3875,0.06125,0.06575,0.019,0.325,0.0895,0.05,0.02966667,0.11375,0.51525,0.0495,0.12375,0.09575,0.22425,0.0155,0.37275,0.01975,0.11925,0.03366667,0.0765,0.016,0.059,0.0705,0.07775,0.2615,0.04875,0.3595,0.05775,0.03075,0.39025,0.065,0.09875,0.02066667,0.18575,0.16525,0.08366667,0.27775,0.154,0.0425,0.18575,0.4325,0.10225,0.29475,0.1275,0.04575,0.1485,0.03425,0.1545,0.12266667,0.014,0.0845,0.134,0.09375,0.07,0.05725,0.04325,0.03575,0.11825,0.053,0.01525,0.0645,0.02275,0.12,0.0955,0.11666667,0.35275,0.098,0.09825,0.03725,0.043,0.0145,0.04266667,0.02475,0.0965,0.3455,0.25375,0.33025,1.02666667,0.76866667,0.41275,0.04825,0.577,0.368,0.5895,0.4955,0.159,0.28233333,0.79933333,0.43433333,0.4445,0.56066667,0.09475,0.42775,0.4745,0.29325,0.3445,1.27633333,0.32125,0.16,0.1795,0.8385,0.16825,0.1975
2016,0.16925,0.12225,0.8085,0.865,0.16575,0.339,0.1925,0.37825,0.06025,0.4095,0.078,0.30075,0.169,0.0875,0.05266667,0.47675,0.04525,0.097,0.121,0.5685,0.064,0.10125,0.1405,0.18775,0.06033333,0.0635,0.10725,0.03433333,0.185,0.258,0.07825,0.27525,0.085,0.218,0.46975,0.049,0.11075,0.68325,0.18875,0.109,0.96,1.157,0.29575,0.29725,0.0265,0.039,0.0435,0.11125,0.029,0.059,0.3305,0.0275,0.0375,0.12175,0.04125,0.19125,0.049,0.091,0.0475,0.0475,0.07975,0.0605,0.09675,0.01525,0.1225,0.0265,0.09,0.049,0.03425,0.5855,0.1265,0.44075,0.43366667,0.3545,0.349,0.0145,1.055,0.645,0.025,0.31625,0.627,0.013,0.4515,0.54475,0.48533333,0.0595,0.56425,0.03025,0.43475,0.0125,0.1305,0.57575,0.10925,0.054,0.03025,0.22575,0.07575,0.024,0.14233333,0.08225,0.65625,0.0365,0.03025,0.1135,0.195,0.02275,0.76025,0.025,0.0635,0.01733333,0.136,0.02675,0.04125,0.05,0.04775,0.04925,0.03,0.433,0.014,0.03625,0.01125,0.01875,0.35075,0.041,0.147,0.041,0.057,0.09,0.0685,0.0205,0.11025,0.3835,0.30875,0.24375,0.10175,0.24625,0.06625,0.06475,0.09475,0.108,0.02425,0.168,0.1075,0.10475,0.09375,0.06775,0.18575,0.04925,0.15675,0.09725,0.017,0.04475,0.082,0.08875,0.3365,0.08366667,0.2725,0.1645,0.11225,0.03175,0.13125,0.03425,0.02633333,0.0285,0.3885,0.3515,0.24725,0.23625,0.71066667,0.42833333,0.338,0.151,0.6115,0.0825,0.565,0.3125,0.19225,0.417,0.60166667,0.40666667,0.5515,0.30166667,0.0645,0.058,0.23175,0.1475,0.1435,1.306,0.2635,0.042,0.13625,0.48525,0.07475,0.09
2015,0.16075,0.19975,1.095,0.62525,0.19425,0.292,0.153,0.4065,0.065,0.81875,0.0945,0.68,0.17725,0.14675,0.10033333,0.3425,0.11025,0.13375,0.10525,0.5035,0.072,0.0875,0.096,0.19225,0.06666667,0.20675,0.0695,0.11266667,0.17125,0.17375,0.09375,0.33575,0.30925,0.2375,0.35,0.042,0.06825,0.8505,0.12125,0.13075,0.9935,0.868,0.21075,0.251,0.07675,0.03466667,0.10875,0.0415,0.0645,0.037,0.21575,0.1465,0.117,0.086,0.076,0.143,0.036,0.121,0.03575,0.03575,0.15725,0.03625,0.139,0.04175,0.08275,0.06825,0.03025,0.055,0.0555,1.1925,0.2725,0.71775,0.521,0.663,0.48633333,0.01325,0.798,0.931,0.17825,0.2885,0.653,0.055,0.654,0.39025,0.745,0.0695,0.4655,0.056,0.5865,0.014,0.06775,0.456,0.1605,0.09275,0.05425,0.016,0.07125,0.04475,0.13066667,0.094,0.65125,0.21825,0.11825,0.13775,0.27575,0.02725,0.439,0.056,0.22325,0.099,0.162,0.042,0.11375,0.133,0.04925,0.13675,0.09725,0.2485,0.061,0.04175,0.401,0.05375,0.383,0.031,0.2935,0.15175,0.08733333,0.07675,0.06125,0.037,0.1175,0.3225,0.12325,0.14275,0.05325,0.0925,0.08975,0.042,0.148,0.14233333,0.0235,0.1745,0.0925,0.06225,0.115,0.07275,0.0445,0.04625,0.19625,0.075,0.01275,0.03875,0.01725,0.23825,0.14575,0.13,0.2005,0.11975,0.0955,0.0405,0.103,0.01975,0.04266667,0.02675,0.10025,0.4085,0.379,0.17375,0.471,0.47733333,0.47025,0.0925,0.6575,0.213,0.5255,0.33875,0.28925,0.574,0.81266667,0.333,0.532,0.66366667,0.07775,0.17625,0.287,0.17375,0.31325,1.152,0.352,0.17875,0.14875,0.65625,0.137,0.116
2014,0.06825,0.075,0.6985,0.101,0.21675,0.2065,0.16075,0.256,0.055,0.42925,0.0645,0.52875,0.07825,0.1375,0.06166667,0.36775,0.1155,0.14925,0.07075,0.403,0.06575,0.1435,0.1935,0.22775,0.04966667,0.312,0.07225,0.043,0.40175,0.16,0.099,0.2285,0.03075,0.18075,0.592,0.10275,0.1325,1.07875,0.07275,0.06775,0.95875,0.61266667,0.093,0.257,0.089,0.08066667,0.26825,0.02875,0.08425,0.0535,0.24575,0.2065,0.15925,0.10375,0.0705,0.185,0.02475,0.111,0.03825,0.03825,0.15375,0.02325,0.079,0.01775,0.13875,0.08625,0.07825,0.092,0.05375,0.2625,0.30025,0.43,0.483,0.19525,0.39725,0.03225,0.66125,0.8325,0.1625,0.52225,0.52366667,0.08475,0.47875,0.335,0.43133333,0.04625,0.306,0.06275,0.29725,0.01775,0.10175,0.474,0.4805,0.0685,0.05525,0.42825,0.04425,0.0195,0.108,0.0585,0.43625,0.1585,0.10775,0.10825,0.26925,0.0395,0.64625,0.043,0.0985,0.05666667,0.08625,0.0515,0.05375,0.08425,0.09325,0.199,0.08675,0.178,0.06,0.01825,0.60275,0.0915,0.3955,0.01833333,0.32325,0.174,0.068,0.099,0.14675,0.04325,0.14475,0.389,0.37925,0.25825,0.05675,0.28975,0.047,0.08625,0.33475,0.13433333,0.021,0.0725,0.092,0.11225,0.0655,0.06925,0.04975,0.11,0.32025,0.09525,0.011,0.0635,0.1145,0.14825,0.301,0.176,0.2805,0.15725,0.1195,0.0475,0.16025,0.0745,0.05333333,0.031,0.411,0.24,0.2955,0.1655,0.39166667,0.17533333,0.34575,0.27425,0.6135,0.19275,0.49575,0.184,0.527,0.33533333,0.422,0.201,0.29175,0.22466667,0.105,0.145,0.301,0.16425,0.109,0.662,0.144,0.23925,0.05525,0.1145,0.121,0.113
2013,0.1965,0.36075,0.908,0.3885,0.2345,0.428,0.3465,0.3405,0.084,0.72625,0.19075,0.61525,0.22975,0.29825,0.31166667,0.54725,0.08425,0.0655,0.11675,0.25775,0.07175,0.12575,0.08975,0.0825,0.05033333,0.422,0.209,0.30966667,0.34075,0.234,0.26575,0.41675,0.28425,0.2625,0.701,0.20575,0.37125,1.592,0.1085,0.1665,0.744,0.74366667,0.51925,0.41675,0.10325,0.13566667,0.325,0.057,0.0805,0.05175,0.337,0.203,0.16175,0.0665,0.08075,0.066,0.10425,0.136,0.03025,0.03025,0.2725,0.04575,0.10425,0.085,0.2525,0.08425,0.0765,0.103,0.04075,1.834,0.119,0.89975,0.51533333,0.7435,0.42225,0.01775,0.53625,0.7605,0.27825,0.54975,0.50433333,0.1285,0.713,0.3365,0.52566667,0.05325,0.39475,0.07,0.335,0.03075,0.0475,0.4735,0.1065,0.03875,0.03825,0.43825,0.094,0.0765,0.3965,0.11875,0.632,0.254,0.10425,0.2465,0.40775,0.05875,0.66725,0.02875,0.30825,0.145,0.1695,0.0425,0.1825,0.134,0.09875,0.352,0.088,0.4,0.0635,0.01025,0.32225,0.13125,0.2185,0.04133333,0.27425,0.34325,0.15333333,0.2305,0.1915,0.05525,0.19975,0.2155,0.532,0.2585,0.10575,0.28,0.05075,0.07125,0.24175,0.14333333,0.02175,0.0535,0.12675,0.1125,0.0895,0.1165,0.1575,0.11375,0.13225,0.0625,0.01725,0.07525,0.191,0.12625,0.07875,0.068,0.25675,0.1025,0.3625,0.02675,0.18925,0.1035,0.03433333,0.0305,0.5145,0.451,0.3695,0.26225,0.433,0.74133333,0.51225,0.49,0.682,0.5315,0.68975,0.41075,0.45125,0.527,0.44766667,0.319,0.2775,0.55166667,0.0895,0.296,0.55525,0.45275,0.20225,0.91266667,0.26475,0.3455,0.111,0.488,0.22775,0.26775
2012,0.29275,0.48975,1.02675,0.44325,0.26275,0.1975,0.34475,0.433,0.06475,0.708,0.33525,0.66375,0.312,0.3275,0.38633333,0.4365,0.0915,0.0625,0.126,0.347,0.12325,0.10925,0.30875,0.2275,0.03833333,0.19575,0.1545,0.30533333,0.259,0.44375,0.422,0.449,0.2095,0.37175,0.57225,0.31125,0.41675,NA,0.1095,0.31725,0.821,1.033,0.49875,0.362,0.15375,0.141,0.451,0.0695,0.05275,0.04775,0.64175,0.192,0.161,0.09775,0.06325,0.34025,0.0735,0.2,0.0665,0.0665,0.27025,0.0345,0.18625,0.086,0.31625,0.099,0.122,0.13475,0.0505,1.653,0.46325,1.034,0.39833333,0.69575,0.687,0.09675,0.64825,0.1655,0.448,0.57675,0.53266667,0.19525,0.60825,0.39625,0.57666667,0.03475,0.967,0.09275,0.66175,0.06375,0.0675,0.5965,0.36725,0.105,0.04125,0.14125,0.00925,0.10025,0.20675,0.105,0.97225,0.60125,0.1055,0.25375,0.56075,0.0565,0.97975,0.03425,0.25025,0.10066667,0.141,0.05375,0.4405,0.1435,0.176,0.55325,0.166,0.38775,0.15125,0.08,0.61225,0.21675,0.29225,0.01633333,0.45025,0.721,0.19025,0.388,0.1305,0.05475,0.12025,0.35925,0.6125,0.24325,0.1,0.28725,0.24125,0.06775,0.50775,0.21566667,0.028,0.12625,0.18925,0.109,0.0795,0.16325,0.06475,0.04925,0.3185,0.03775,0.01475,0.1185,0.22125,0.0645,0.14625,0.15433333,0.351,0.136,0.31625,0.04975,0.20225,0.134,0.062,0.02925,1.079,0.64775,0.39975,0.39025,0.31,0.741,0.58575,0.50425,0.717,0.98525,0.47825,0.6605,0.60475,0.77366667,0.71833333,0.57366667,0.3825,0.62566667,0.0675,0.3365,0.95875,0.44125,0.304,1.10133333,0.36,0.36275,0.10775,0.4435,0.39575,0.43175
2011,0.257,0.43775,0.90375,0.66225,0.29,0.1955,0.45375,0.56625,0.05775,0.65725,0.26875,0.85125,0.24225,0.246,0.322,0.47275,0.04625,0.1205,0.1215,0.27225,0.1655,0.13575,0.36825,0.30025,0.068,0.0505,0.057,0.488,0.668,0.43025,0.46625,0.538,0.05025,0.7065,0.85575,0.38675,0.4165,NA,0.1115,0.44375,0.5865,1.51666667,0.55725,0.3345,0.06725,0.27933333,0.5435,0.066,0.048,0.06225,0.66875,0.17625,0.20075,0.11575,0.06175,0.463,0.09175,0.159,0.049,0.049,0.27025,0.02925,0.18625,0.1555,0.36425,0.113,0.12925,0.1315,0.046,1.3775,0.59,1.12075,0.17133333,0.5595,0.80325,0.1075,0.629,NA,0.584,0.4005,0.48633333,0.75525,0.36975,0.4805,0.67333333,0.04025,0.98625,0.13025,0.41425,0.0305,0.2335,0.766,0.6415,0.078,0.05025,0.61125,0.199,0.1385,0.113,0.09775,0.73125,0.79025,0.162,0.198,0.659,0.04475,1.185,0.0445,0.11125,0.11033333,0.16075,0.06625,0.53475,0.2265,0.1075,0.481,0.232,0.38925,0.1405,0.10175,0.4385,0.22775,0.56775,0.01966667,0.4865,0.59625,0.14325,0.30425,0.16675,0.0855,0.17175,0.27225,0.6275,0.19925,0.08675,0.5005,0.0915,0.057,0.26325,0.42,0.03375,0.13225,0.16325,0.152,0.0715,0.15775,0.1615,0.05525,0.50775,0.0855,0.01575,0.136,0.34325,0.036,0.17975,0.25466667,0.678,0.20075,0.34525,0.0365,0.22325,0.138,0.07666667,0.021,NA,0.5725,0.36675,0.4135,0.28,0.86533333,0.6035,0.6655,0.644,0.93725,0.52125,0.709,0.91025,0.692,1.0985,0.794,0.45375,0.84466667,0.098,0.542,0.71725,0.501,0.45025,0.75633333,0.164,0.17625,0.103,0.37025,0.10175,0.38925
2010,0.19825,0.44925,NA,0.34975,0.33525,0.3755,0.48375,0.53425,0.053,0.53975,0.238,0.6915,0.2,0.385,0.20133333,0.42175,0.03425,0.07675,0.099,0.03025,0.149,0.11575,0.13025,0.08025,0.07,0.0715,0.138,0.78866667,0.983,0.85775,0.36925,0.47275,0.02375,0.6635,0.36125,0.42975,0.22,NA,0.225,0.4605,0.3915,0.98333333,0.61475,0.31175,0.08575,0.374,0.286,0.1075,0.02875,0.06025,0.5325,0.17325,0.1885,0.09325,0.03575,0.3505,0.2335,0.11625,0.09625,0.09625,0.18175,0.0485,0.31175,0.29,0.30725,0.1315,0.244,0.097,0.07475,0.43925,0.4045,1.008,0.129,0.65525,0.65625,0.18225,0.42075,NA,0.358,0.2195,0.24566667,0.26725,0.47925,0.39625,0.739,0.043,NA,0.11075,0.988,0.0335,0.31425,0.5385,0.112,0.04475,0.0375,1.09625,0.31,0.0935,0.51725,0.10275,0.5135,0.75425,0.0505,0.449,1.484,0.061,0.60975,0.07225,0.17825,0.19633333,0.142,0.06225,0.59425,0.30125,0.06425,0.30325,0.271,0.411,0.324,0.2115,0.74725,0.30925,0.32975,0.03266667,0.43525,1.118,0.09925,0.35725,0.23125,0.063,0.15925,0.088,0.701,0.08975,0.1095,0.28825,0.1825,0.04825,0.326,0.31733333,0.032,0.286,0.14525,0.197,0.06375,0.082,0.32525,0.04625,0.52675,0.08375,0.02,0.09975,0.1625,0.1605,0.32975,0.31366667,0.326,0.083,0.25775,0.04625,0.0975,0.08575,0.04125,0.0325,NA,0.55675,0.2245,0.335,0.373,0.25666667,0.4255,0.35375,0.6815,0.20275,0.384,0.47775,0.718,0.54533333,0.5775,0.44866667,0.3635,0.828,0.1985,0.479,0.41525,0.24975,0.2395,0.631,0.256,0.1175,0.1105,0.148,0.2385,0.1815
2009,0.3305,0.42225,NA,0.45575,0.82975,0.6885,0.59925,0.42925,0.1465,0.69575,0.294,0.81,0.40525,0.445,0.676,0.43925,0.11,0.10075,0.16025,0.11475,0.186,0.0625,0.35475,0.24425,0.05066667,0.031,0.59125,0.988,1.0255,0.412,0.4895,0.82575,0.6755,1.011,0.75475,0.56825,0.42875,NA,0.26525,0.8365,0.29225,1.22433333,0.618,0.596,0.14925,0.38266667,0.2915,0.15725,0.03275,0.0915,0.791,0.3685,0.176,0.06375,0.0675,0.50275,0.257,0.18425,0.05225,0.05225,0.194,0.08175,0.39425,0.3935,0.35875,0.1075,0.098,0.12575,0.1925,0.36825,0.63925,0.87275,0.634,0.645,0.8325,0.2055,0.4,NA,0.78775,0.664,0.15466667,0.4815,0.3295,0.385,1.25033333,0.03275,NA,0.10975,0.63475,0.04775,0.25625,0.519,0.596,0.115,0.05125,NA,0.11075,0.073,0.38975,0.129,0.813,1.3725,0.18725,0.42325,1.29875,0.11875,0.78275,0.098,0.33625,0.12966667,0.2,0.11,0.718,0.40775,0.13575,0.20775,0.3195,0.76875,0.17525,0.07875,0.2695,0.1695,0.8395,0.07866667,0.702,1.34525,0.18525,0.43775,0.36375,0.07825,0.1815,0.20025,0.6045,0.142,0.18025,0.25625,0.24475,0.06725,0.4805,0.572,0.02975,0.35175,0.1265,0.2595,0.1035,0.0715,0.15675,0.067,0.6085,0.12325,0.0255,0.08725,0.26175,0.0685,0.09725,0.229,0.41475,0.15625,0.29225,0.05,0.11125,0.10725,0.03475,0.0395,NA,0.87,0.262,0.43825,0.33566667,0.62866667,0.5715,0.55825,0.5475,0.66075,0.235,0.427,0.767,0.87466667,0.8175,0.39966667,0.1835,1.05233333,0.19575,0.43,0.10975,0.35925,0.335,0.162,0.479,0.33375,0.12875,0.595,0.43,0.364
2008,0.325,0.6245,NA,0.56875,0.998,0.482,0.542,0.3975,0.48325,0.50075,0.34375,NA,0.43925,0.39425,0.63266667,0.53175,0.5755,0.16875,0.42275,0.0955,0.19975,0.07875,0.34025,0.39625,0.07266667,0.033,0.718,0.63866667,0.818,NA,0.81175,1.01975,0.747,0.95925,0.53525,0.746,0.45225,NA,0.11375,0.846,0.1255,1.17533333,0.547,0.3105,0.23125,0.383,0.25,0.11175,0.079,0.05325,0.7045,0.4135,0.103,0.036,0.0455,0.7485,0.435,0.239,0.06775,0.06775,0.1825,0.1,0.37125,0.54625,0.37325,0.15575,0.067,0.2375,0.21225,0.80775,0.47475,0.62525,0.99033333,0.57725,0.59675,0.375,0.196,NA,1.05625,1.18225,0.24866667,0.7095,0.394,0.16975,1.19,0.04025,NA,0.11225,NA,0.025,0.46975,NA,0.87125,0.08425,0.042,NA,0.20775,0.048,0.36075,0.13075,0.637,1.155,0.173,0.14775,1.228,0.0945,0.518,0.07825,0.15575,0.12133333,0.12,0.04025,0.303,0.66825,0.232,0.15425,0.32375,0.62575,0.2785,0.0925,0.711,0.096,1.291,0.10833333,0.494,NA,0.20175,0.3455,0.097,0.09175,0.20825,0.2835,0.62675,0.1625,0.1145,0.254,0.24,0.081,0.4135,0.42,0.047,0.42375,0.13575,0.19375,0.1085,0.09725,0.20425,0.0875,0.7605,0.116,0.01225,0.05575,0.237,0.1575,0.2855,0.199,0.593,0.11525,0.2985,0.07025,0.11025,0.15425,0.03175,0.05725,NA,0.90975,0.26,0.38025,0.40166667,0.72333333,0.6915,NA,0.488,0.56975,0.2265,0.46,0.31225,1.047,0.8185,0.35833333,0.1365,1.15466667,0.74375,0.53925,0.18525,0.37125,0.49375,NA,0.62025,0.30325,0.1205,0.52025,0.5145,0.5595
2007,0.633,0.71925,NA,0.77075,NA,0.1235,0.99325,0.4215,0.68875,0.89225,0.6365,NA,0.7495,0.67825,1.03833333,0.2805,0.48175,0.10275,0.35025,0.087,0.11125,0.059,0.30575,0.327,0.03666667,0.04125,0.42475,1.02233333,NA,NA,1.10075,0.9315,NA,0.1475,0.74225,0.74775,0.721,NA,0.0435,0.76675,0.253,0.67633333,0.3,0.11175,0.207,0.39,NA,0.126,0.03925,0.10775,0.8485,0.16375,0.1395,0.018,0.036,0.96475,0.27375,0.131,0.06425,0.06425,0.133,0.09625,0.402,0.551,0.1445,0.1815,0.04525,0.39825,0.0555,NA,0.20825,0.4405,NA,0.1635,NA,0.31675,0.547,NA,1.0935,1.7475,0.28533333,0.892,0.35825,0.10175,1.45533333,0.036,NA,0.22875,NA,0.0615,0.50525,NA,0.301,0.0765,0.03775,NA,0.18125,0.035,0.68475,0.1275,0.7265,0.49225,0.02325,0.395,0.34025,0.069,0.78675,0.05775,0.11825,0.093,0.2465,0.11425,0.41025,0.56625,0.146,0.05475,0.24625,0.5095,0.3155,0.13825,NA,0.1485,NA,0.06733333,0.66275,NA,0.16725,0.19725,0.10025,0.05025,0.18325,0.24175,0.52625,0.11775,0.12575,0.511,0.229,0.18775,NA,0.44666667,0.05875,0.45175,0.2415,0.21775,0.1085,0.19425,0.24075,0.114,0.76325,0.11475,0.0285,0.0645,0.233,0.17925,0.292,0.10866667,0.7205,0.15725,0.2575,0.068,0.14525,0.32275,0.0255,0.07175,NA,1.14625,0.177,0.472,0.26966667,0.932,0.57375,NA,0.598,0.6335,0.116,0.5925,0.382,0.564,1.2445,0.35266667,NA,1.501,0.58425,0.49775,0.381,0.36325,0.93575,NA,0.957,0.38125,0.082,0.6535,0.99,0.56675
2006,0.4665,0.404,NA,0.74725,NA,0.237,0.876,0.73575,1.063,0.8595,0.44925,NA,0.819,0.92925,0.74866667,0.438,0.256,0.0675,0.216,0.091,0.35125,0.04975,0.16275,0.192,0.05333333,0.035,0.44275,NA,NA,NA,0.8125,1.46825,NA,0.69325,0.6415,0.33625,0.85475,NA,0.03725,0.50925,1.381,1.05066667,NA,0.01975,0.267,0.577,NA,0.11225,0.05625,0.14175,NA,NA,0.131,0.05775,0.0595,NA,0.33425,0.3285,0.05625,0.05625,0.27075,0.08775,0.3085,0.54625,0.22775,0.069,0.0765,0.495,0.11075,NA,NA,NA,NA,NA,NA,0.2825,NA,NA,NA,0.37225,0.39066667,0.53375,NA,0.1505,1.40833333,0.0265,NA,0.2515,NA,0.0725,0.611,NA,NA,0.2605,0.03375,NA,0.087,0.109,0.518,0.2045,1.158,0.30125,0.12725,0.15125,NA,0.09475,1.16175,0.05075,0.1775,0.08433333,0.10125,0.09175,0.618,0.7565,0.12975,0.17375,0.14525,0.6005,0.2315,0.20075,NA,0.099,NA,0.05133333,0.80475,NA,0.1535,0.16925,0.161,0.09175,0.3045,0.1445,0.25825,0.1015,0.295,0.25525,0.18425,0.1925,NA,0.60866667,0.09875,0.31675,0.234,0.37375,0.0845,0.204,0.2075,0.1195,NA,0.076,0.0175,0.05675,0.266,0.136,0.237,0.164,0.19975,0.04775,0.3355,0.03425,0.2165,0.162,0.03475,0.09625,NA,1.005,NA,0.36125,NA,0.77566667,0.49525,NA,1.177,0.57775,NA,0.44625,0.093,0.249,1.05375,0.39966667,NA,0.88433333,NA,0.7495,0.95175,0.21675,0.53625,NA,1.1215,0.60475,0.02325,1.395,0.57225,0.70325
2005,0.20875,NA,NA,0.3965,NA,0.6175,1.22275,0.65675,0.351,0.6155,0.137,NA,0.6535,0.83275,0.89533333,0.6075,0.3005,0.1775,0.31875,0.1015,0.21525,0.048,0.3025,0.19,0.05033333,0.0325,0.09225,NA,NA,NA,0.2425,NA,NA,NA,0.0585,NA,NA,NA,0.04375,0.1515,0.36225,0.14933333,NA,0.02425,0.436,0.66333333,NA,0.0915,0.1375,0.13425,NA,NA,0.048,0.09625,0.08775,NA,0.2155,0.242,0.0765,0.0765,0.23375,0.16275,0.2185,0.4465,0.484,0.0925,0.0725,0.5965,0.18275,NA,NA,NA,NA,NA,NA,0.01225,NA,NA,NA,NA,NA,NA,NA,NA,NA,0.0395,NA,0.3445,NA,0.0805,0.33275,NA,NA,0.1835,0.0265,NA,0.21325,0.20825,0.26825,0.20725,0.759,0.4025,0.0895,0.2055,NA,0.056,0.4145,0.0435,0.37725,0.12766667,0.223,0.16175,1.0975,0.81125,0.24325,0.058,0.28825,0.60375,0.28825,0.27825,NA,0.101,NA,0.06933333,0.75075,NA,0.1685,0.1175,0.3715,0.08225,0.493,0.054,0.16975,0.0905,0.44225,NA,0.20175,0.26775,NA,1.21266667,0.14725,0.27275,0.19075,0.45125,0.09,0.2425,0.4875,0.07275,NA,0.06675,0.018,0.0765,0.16825,0.161,0.46825,0.179,NA,0.211,0.415,0.0545,0.20875,0.226,0.0385,0.11075,NA,0.5725,NA,NA,NA,0.58133333,0.28475,NA,0.565,0.439,NA,0.284,NA,NA,0.14625,NA,NA,0.34066667,NA,0.565,0.574,NA,NA,NA,1.47925,NA,0.01475,1.1835,NA,0.302
2004,0.0525,NA,NA,NA,NA,0.126,NA,NA,NA,NA,0.21425,NA,NA,NA,NA,NA,0.08925,0.15675,0.392,0.12275,0.425,0.04525,0.1215,0.08775,0.087,0.0655,0.1085,NA,NA,NA,NA,NA,NA,NA,0.406,NA,NA,NA,0.0585,NA,NA,NA,NA,0.05125,0.33325,0.81,NA,0.12875,0.09025,0.17475,NA,NA,0.06375,0.062,0.149,NA,0.31475,0.045,0.1,0.1,0.13025,0.1195,0.20875,0.54775,0.2765,0.11,0.0975,1.1675,0.16125,NA,NA,NA,NA,NA,NA,0.01975,NA,NA,NA,NA,NA,NA,NA,NA,NA,0.0385,NA,0.161,NA,0.06975,0.153,NA,NA,0.55475,0.025,NA,0.2315,0.18125,0.431,0.15875,NA,NA,0.078,0.21425,NA,0.0515,NA,0.05075,0.29925,0.1686667,0.2555,0.1625,0.2965,0.528,0.24125,0.676,0.42375,0.8535,0.24625,0.10825,NA,0.087,NA,0.066,1.003,NA,0.0865,0.184,0.3435,0.1185,0.75225,NA,NA,0.12175,0.45525,NA,0.2725,0.37975,NA,0.511,0.16475,NA,0.07425,0.33375,0.0855,0.192,0.8075,0.06675,NA,0.0955,0.02075,0.05875,0.2135,0.217,0.52275,0.2183333,NA,0.181,0.4565,0.12975,0.15925,0.267,0.03,0.10375,NA,NA,NA,NA,NA,NA,NA,NA,NA,NA,NA,NA,NA,NA,NA,NA,NA,NA,NA,NA,NA,NA,NA,NA,NA,NA,0.0825,NA,NA,NA
2003,NA,NA,NA,NA,NA,NA,NA,NA,NA,NA,0.18375,NA,NA,NA,NA,NA,0.129,0.17025,0.39425,0.204,0.397,0.02375,0.16775,0.10975,0.09333333,0.0305,0.0805,NA,NA,NA,NA,NA,NA,NA,NA,NA,NA,NA,0.05175,NA,NA,NA,NA,0.0475,0.39175,0.505,NA,0.1305,0.15425,0.17975,NA,NA,0.11725,0.0805,0.21925,NA,0.11175,0.3375,0.099,0.099,0.2395,0.1305,0.14425,0.3865,0.1425,0.05475,0.10775,NA,0.1525,NA,NA,NA,NA,NA,NA,0.02375,NA,NA,NA,NA,NA,NA,NA,NA,NA,0.043,NA,0.146,NA,0.0965,0.128,NA,NA,0.5535,0.03575,NA,0.30625,0.19625,0.33025,0.139,NA,NA,0.06,0.22,NA,0.07675,NA,0.04425,0.38525,0.17666667,0.31675,0.2705,NA,0.15275,0.17675,0.375,0.4865,0.70025,0.40275,0.16475,NA,0.098,NA,0.11866667,0.7365,NA,0.146,0.27025,0.1435,0.083,0.7915,NA,NA,0.1145,0.511,NA,0.3215,0.253,NA,0.20766667,0.227,NA,0.21675,0.54175,0.1765,0.16075,0.79825,0.0535,NA,0.14,0.025,0.0705,0.22875,0.354,0.465,0.187,NA,0.17275,0.20375,0.09625,0.20325,0.24675,0.03475,0.226,NA,NA,NA,NA,NA,NA,NA,NA,NA,NA,NA,NA,NA,NA,NA,NA,NA,NA,NA,NA,NA,NA,NA,NA,NA,NA,0.046,NA,NA,NA
2002,NA,NA,NA,NA,NA,NA,NA,NA,NA,NA,0.2005,NA,NA,NA,NA,NA,0.38875,0.35,0.583,0.178,0.39325,0.04475,0.36225,0.15925,0.09933333,0.0595,0.03725,NA,NA,NA,NA,NA,NA,NA,NA,NA,NA,NA,0.043,NA,NA,NA,NA,0.053,0.48525,0.55166667,NA,0.1875,0.156,0.177,NA,NA,0.1045,0.0875,0.226,NA,0.1885,0.20275,0.07525,0.07525,0.22875,0.099,0.096,0.4015,NA,0.1595,0.078,NA,0.09275,NA,NA,NA,NA,NA,NA,0.05175,NA,NA,NA,NA,NA,NA,NA,NA,NA,0.074,NA,0.1135,NA,0.07,0.13425,NA,NA,NA,0.03975,NA,0.1945,0.10975,0.36875,0.14225,NA,NA,0.0485,0.07125,NA,0.07225,NA,0.068,0.17375,0.21766667,0.26725,0.1965,NA,1.10775,0.327,NA,NA,NA,0.33575,0.29525,NA,0.09925,NA,0.21,NA,NA,0.08375,0.47075,0.116,0.1055,0.51275,NA,NA,0.31025,0.70275,NA,0.2295,0.2355,NA,NA,0.2375,NA,0.232,0.435,0.205,0.20575,0.8045,0.055,NA,0.10175,0.0155,0.06175,0.19925,0.335,0.54675,0.26766667,NA,0.0405,NA,0.1055,0.261,0.31575,0.03825,0.279,NA,NA,NA,NA,NA,NA,NA,NA,NA,NA,NA,NA,NA,NA,NA,NA,NA,NA,NA,NA,NA,NA,NA,NA,NA,NA,0.0675,NA,NA,NA
2001,NA,NA,NA,NA,NA,NA,NA,NA,NA,NA,0.09475,NA,NA,NA,NA,NA,0.43075,0.3015,0.4505,0.17775,0.43975,0.031,0.5115,0.28375,0.1503333,0.072,0.048,NA,NA,NA,NA,NA,NA,NA,NA,NA,NA,NA,0.0455,NA,NA,NA,NA,0.032,0.3995,0.4953333,NA,0.1415,0.174,0.18225,NA,NA,0.1035,0.09975,0.3465,NA,0.139,0.20275,0.09975,0.09975,0.2055,0.08925,0.093,0.31375,NA,0.05475,0.0595,NA,0.092,NA,NA,NA,NA,NA,NA,0.0155,NA,NA,NA,NA,NA,NA,NA,NA,NA,0.05,NA,0.087,NA,0.06775,0.1495,NA,NA,NA,0.0555,NA,NA,0.14375,0.563,0.12325,NA,NA,0.0515,0.202,NA,0.0675,NA,0.0655,0.18875,0.229,0.488,0.22975,NA,0.184,0.2185,NA,NA,NA,0.497,0.3065,NA,0.15975,NA,0.1513333,NA,NA,0.15625,0.71275,0.1035,0.11925,0.67375,NA,NA,0.562,NA,NA,NA,0.429,NA,NA,0.15225,NA,0.228,NA,0.14325,0.28825,0.43925,0.047,NA,0.10025,0.0135,0.1205,0.18125,0.426,0.5995,0.3363333,NA,0.21325,NA,0.082,0.202,0.29075,0.03325,0.3315,NA,NA,NA,NA,NA,NA,NA,NA,NA,NA,NA,NA,NA,NA,NA,NA,NA,NA,NA,NA,NA,NA,NA,NA,NA,NA,0.145,NA,NA,NA
2000,NA,NA,NA,NA,NA,NA,NA,NA,NA,NA,0.12375,NA,NA,NA,NA,NA,0.2535,0.29325,NA,0.13625,0.22725,0.04025,0.48925,0.3045,0.1036667,0.05125,0.04125,NA,NA,NA,NA,NA,NA,NA,NA,NA,NA,NA,0.03675,NA,NA,NA,NA,0.02725,0.20025,0.3106667,NA,0.26625,0.07575,0.16,NA,NA,0.07075,0.11275,0.54375,NA,NA,0.26725,0.088,0.088,0.32325,0.101,0.16175,0.26125,NA,0.07525,0.045,NA,0.177,NA,NA,NA,NA,NA,NA,0.03675,NA,NA,NA,NA,NA,NA,NA,NA,NA,0.0585,NA,0.05125,NA,0.12075,0.1495,NA,NA,NA,0.03375,NA,NA,0.294,0.8045,0.16675,NA,NA,0.1495,0.15775,NA,0.0915,NA,0.1295,0.18325,0.1586667,0.8195,0.19625,NA,NA,0.2865,NA,NA,NA,0.4785,0.26875,NA,0.169,NA,0.1433333,NA,NA,0.194,0.32775,0.18425,0.10825,NA,NA,NA,0.34075,NA,NA,NA,0.338,NA,NA,0.12425,NA,0.265,NA,0.118,0.1645,NA,0.046,NA,0.16825,0.0125,0.0995,0.1655,0.4025,0.7415,0.177,NA,0.2425,NA,0.1305,0.13375,0.07375,0.04425,0.41975,NA,NA,NA,NA,NA,NA,NA,NA,NA,NA,NA,NA,NA,NA,NA,NA,NA,NA,NA,NA,NA,NA,NA,NA,NA,NA,0.15325,NA,NA,NA
1999,NA,NA,NA,NA,NA,NA,NA,NA,NA,NA,0.098,NA,NA,NA,NA,NA,0.20275,0.30875,NA,0.10975,0.325,0.039,0.50375,0.17,0.167,0.01225,0.045,NA,NA,NA,NA,NA,NA,NA,NA,NA,NA,NA,0.05575,NA,NA,NA,NA,0.09975,NA,0.361,NA,0.246,0.12925,0.44425,NA,NA,0.0845,0.169,0.39575,NA,NA,0.37025,0.05125,0.05125,0.457,0.05925,0.22975,0.14875,NA,0.03525,0.05975,NA,0.1625,NA,NA,NA,NA,NA,NA,0.07725,NA,NA,NA,NA,NA,NA,NA,NA,NA,0.07675,NA,0.1405,NA,0.127,0.175,NA,NA,NA,0.03825,NA,NA,0.23575,0.95975,0.1565,NA,NA,0.1255,0.251,NA,0.0875,NA,0.194,0.1835,0.07566667,1.22025,0.171,NA,NA,0.2255,NA,NA,NA,0.25325,0.21725,NA,0.10775,NA,0.132,NA,NA,0.1965,NA,0.49075,0.18175,NA,NA,NA,NA,NA,NA,NA,0.36225,NA,NA,0.1535,NA,NA,NA,0.14575,0.31825,NA,0.04125,NA,0.15025,0.0245,0.06025,0.2195,NA,0.69075,0.12,NA,0.1435,NA,0.214,0.14575,0.10925,0.04875,0.4595,NA,NA,NA,NA,NA,NA,NA,NA,NA,NA,NA,NA,NA,NA,NA,NA,NA,NA,NA,NA,NA,NA,NA,NA,NA,NA,0.246,NA,NA,NA
1998,NA,NA,NA,NA,NA,NA,NA,NA,NA,NA,0.039,NA,NA,NA,NA,NA,0.1705,0.42775,NA,NA,0.31475,0.10975,0.31225,NA,0.18,0.0255,0.11225,NA,NA,NA,NA,NA,NA,NA,NA,NA,NA,NA,0.048,NA,NA,NA,NA,0.069,NA,0.4663333,NA,0.3115,0.349,0.50675,NA,NA,0.06775,0.1955,0.34525,NA,NA,0.4425,0.064,0.064,NA,0.08825,0.16375,0.14225,NA,0.3925,0.07375,NA,0.15575,NA,NA,NA,NA,NA,NA,0.0565,NA,NA,NA,NA,NA,NA,NA,NA,NA,0.03775,NA,0.17475,NA,0.1445,0.06225,NA,NA,NA,0.0485,NA,NA,0.267,NA,0.1175,NA,NA,0.07675,0.1765,NA,0.04425,NA,0.155,0.10025,0.093,0.33125,0.146,NA,NA,0.33975,NA,NA,NA,NA,0.22425,NA,0.09925,NA,0.1653333,NA,NA,0.1335,NA,0.4895,0.1765,NA,NA,NA,NA,NA,NA,NA,0.4985,NA,NA,0.23975,NA,NA,NA,0.15075,0.3475,NA,0.03925,NA,0.10625,0.0145,0.142,0.3015,NA,1.023,0.1526667,NA,0.1885,NA,0.216,0.277,NA,0.04525,0.3135,NA,NA,NA,NA,NA,NA,NA,NA,NA,NA,NA,NA,NA,NA,NA,NA,NA,NA,NA,NA,NA,NA,NA,NA,NA,NA,0.1985,NA,NA,NA
1997,NA,NA,NA,NA,NA,NA,NA,NA,NA,NA,0.0845,NA,NA,NA,NA,NA,0.07825,0.31725,NA,NA,0.2535,0.212,NA,NA,0.279,0.012,0.13475,NA,NA,NA,NA,NA,NA,NA,NA,NA,NA,NA,0.064,NA,NA,NA,NA,0.0875,NA,0.6663333,NA,0.6895,0.249,0.256,NA,NA,0.03575,0.38725,0.35275,NA,NA,0.4035,0.061,0.061,NA,0.04725,0.15525,0.1315,NA,0.34775,0.08475,NA,0.17625,NA,NA,NA,NA,NA,NA,0.03325,NA,NA,NA,NA,NA,NA,NA,NA,NA,0.06175,NA,0.01875,NA,0.17675,NA,NA,NA,NA,0.0405,NA,NA,0.2045,NA,0.0755,NA,NA,0.03575,0.30825,NA,0.0875,NA,0.18375,0.46925,0.1433333,NA,0.1615,NA,NA,0.828,NA,NA,NA,NA,0.259,NA,0.1195,NA,0.1816667,NA,NA,0.0675,NA,0.3675,0.1615,NA,NA,NA,NA,NA,NA,NA,0.5495,NA,NA,0.39325,NA,NA,NA,0.13,0.44075,NA,0.03975,NA,0.07625,0.01375,0.09925,0.21975,NA,NA,0.124,NA,0.07375,NA,0.12925,0.195,NA,0.0335,NA,NA,NA,NA,NA,NA,NA,NA,NA,NA,NA,NA,NA,NA,NA,NA,NA,NA,NA,NA,NA,NA,NA,NA,NA,NA,NA,0.1805,NA,NA,NA
1996,NA,NA,NA,NA,NA,NA,NA,NA,NA,NA,0.1425,NA,NA,NA,NA,NA,0.0545,NA,NA,NA,NA,0.08,NA,NA,0.095,0.0185,0.18725,NA,NA,NA,NA,NA,NA,NA,NA,NA,NA,NA,0.05025,NA,NA,NA,NA,0.04925,NA,0.37566667,NA,0.46725,0.1215,0.251,NA,NA,0.03575,0.53225,0.3515,NA,NA,0.3375,0.067,0.067,NA,0.1765,0.135,0.208,NA,0.36325,0.23625,NA,0.39625,NA,NA,NA,NA,NA,NA,0.01975,NA,NA,NA,NA,NA,NA,NA,NA,NA,0.04875,NA,0.21225,NA,0.19575,NA,NA,NA,NA,0.04275,NA,NA,0.26975,NA,0.10925,NA,NA,0.14775,0.35975,NA,0.0745,NA,0.166,0.21475,0.231,NA,0.08825,NA,NA,0.2875,NA,NA,NA,NA,0.30975,NA,0.1895,NA,0.196,NA,NA,0.1875,NA,0.39275,0.1725,NA,NA,NA,NA,NA,NA,NA,0.50925,NA,NA,0.1785,NA,NA,NA,0.134,0.4185,NA,0.0275,NA,0.08375,0.021,0.08975,0.356,NA,NA,0.08233333,NA,0.04725,NA,0.15375,0.25775,NA,0.02875,NA,NA,NA,NA,NA,NA,NA,NA,NA,NA,NA,NA,NA,NA,NA,NA,NA,NA,NA,NA,NA,NA,NA,NA,NA,NA,NA,0.1225,NA,NA,NA
1995,NA,NA,NA,NA,NA,NA,NA,NA,NA,NA,0.022,NA,NA,NA,NA,NA,0.06625,NA,NA,NA,NA,0.20975,NA,NA,0.1296667,0.02225,0.1025,NA,NA,NA,NA,NA,NA,NA,NA,NA,NA,NA,0.04175,NA,NA,NA,NA,0.047,NA,0.213,NA,0.8035,NA,0.41675,NA,NA,0.0875,0.4765,0.3225,NA,NA,0.52575,0.052,0.052,NA,0.156,NA,NA,NA,0.261,0.1055,NA,0.216,NA,NA,NA,NA,NA,NA,0.03075,NA,NA,NA,NA,NA,NA,NA,NA,NA,0.03125,NA,0.28175,NA,0.15,NA,NA,NA,NA,0.03875,NA,NA,0.2095,NA,0.05975,NA,NA,0.156,0.22225,NA,0.08425,NA,0.16275,0.6755,0.1776667,NA,0.154,NA,NA,NA,NA,NA,NA,NA,0.416,NA,NA,NA,0.1333333,NA,NA,0.1375,NA,0.287,0.1105,NA,NA,NA,NA,NA,NA,NA,0.56575,NA,NA,0.339,NA,NA,NA,0.14625,NA,NA,0.03,NA,0.1,0.0575,0.04975,0.17375,NA,NA,0.2413333,NA,0.48925,NA,0.12025,0.23725,NA,0.0535,NA,NA,NA,NA,NA,NA,NA,NA,NA,NA,NA,NA,NA,NA,NA,NA,NA,NA,NA,NA,NA,NA,NA,NA,NA,NA,NA,NA,NA,NA,NA
1994,NA,NA,NA,NA,NA,NA,NA,NA,NA,NA,0.09775,NA,NA,NA,NA,NA,0.08725,NA,NA,NA,NA,0.20025,NA,NA,0.284,0.0265,0.1655,NA,NA,NA,NA,NA,NA,NA,NA,NA,NA,NA,0.03375,NA,NA,NA,NA,0.03825,NA,0.168,NA,NA,NA,0.6225,NA,NA,0.13775,0.9585,NA,NA,NA,0.64375,0.05425,0.05425,NA,0.17975,NA,NA,NA,0.255,0.1205,NA,0.3555,NA,NA,NA,NA,NA,NA,0.0335,NA,NA,NA,NA,NA,NA,NA,NA,NA,0.0415,NA,0.178,NA,0.10075,NA,NA,NA,NA,0.0845,NA,NA,0.34775,NA,0.1125,NA,NA,0.05275,0.3365,NA,0.1235,NA,0.1845,0.769,0.2016667,NA,0.17575,NA,NA,NA,NA,NA,NA,NA,0.211,NA,NA,NA,0.1673333,NA,NA,0.163,NA,0.67175,0.09575,NA,NA,NA,NA,NA,NA,NA,NA,NA,NA,NA,NA,NA,NA,0.2035,NA,NA,0.02925,NA,0.0955,0.0525,0.096,0.2875,NA,NA,0.1466667,NA,0.14125,NA,0.08975,0.2795,NA,0.06425,NA,NA,NA,NA,NA,NA,NA,NA,NA,NA,NA,NA,NA,NA,NA,NA,NA,NA,NA,NA,NA,NA,NA,NA,NA,NA,NA,NA,NA,NA,NA
1993,NA,NA,NA,NA,NA,NA,NA,NA,NA,NA,0.1415,NA,NA,NA,NA,NA,0.06175,NA,NA,NA,NA,0.135,NA,NA,0.2583333,0.0275,0.20625,NA,NA,NA,NA,NA,NA,NA,NA,NA,NA,NA,0.0225,NA,NA,NA,NA,0.05775,NA,0.249,NA,NA,NA,0.30125,NA,NA,0.05225,1.0145,NA,NA,NA,0.86175,0.0705,0.0705,NA,0.275,NA,NA,NA,0.35075,0.11475,NA,NA,NA,NA,NA,NA,NA,NA,0.10825,NA,NA,NA,NA,NA,NA,NA,NA,NA,0.04975,NA,0.27975,NA,0.1935,NA,NA,NA,NA,0.039,NA,NA,0.44175,NA,0.15075,NA,NA,0.04775,0.14375,NA,0.17025,NA,0.094,0.68825,0.1936667,NA,0.17775,NA,NA,NA,NA,NA,NA,NA,NA,NA,NA,NA,0.1423333,NA,NA,0.2715,NA,0.683,0.124,NA,NA,NA,NA,NA,NA,NA,NA,NA,NA,NA,NA,NA,NA,0.3295,NA,NA,0.0345,NA,0.09325,0.06475,0.08225,0.3485,NA,NA,0.3716667,NA,0.54525,NA,0.05675,0.454,NA,0.06175,NA,NA,NA,NA,NA,NA,NA,NA,NA,NA,NA,NA,NA,NA,NA,NA,NA,NA,NA,NA,NA,NA,NA,NA,NA,NA,NA,NA,NA,NA,NA
1992,NA,NA,NA,NA,NA,NA,NA,NA,NA,NA,0.22525,NA,NA,NA,NA,NA,0.06875,NA,NA,NA,NA,0.069,NA,NA,NA,0.02825,0.212,NA,NA,NA,NA,NA,NA,NA,NA,NA,NA,NA,0.0265,NA,NA,NA,NA,0.06625,NA,0.2993333,NA,NA,NA,NA,NA,NA,0.1315,1.1995,NA,NA,NA,0.35175,0.0605,0.0605,NA,0.1535,NA,NA,NA,0.261,0.08625,NA,NA,NA,NA,NA,NA,NA,NA,0.15675,NA,NA,NA,NA,NA,NA,NA,NA,NA,0.047,NA,0.32975,NA,0.1465,NA,NA,NA,NA,0.0655,NA,NA,0.489,NA,0.221,NA,NA,0.05725,0.223,NA,0.2075,NA,0.05925,0.145,0.2213333,NA,0.2775,NA,NA,NA,NA,NA,NA,NA,NA,NA,NA,NA,0.1616667,NA,NA,0.28425,NA,0.3465,0.11325,NA,NA,NA,NA,NA,NA,NA,NA,NA,NA,NA,NA,NA,NA,0.216,NA,NA,0.03525,NA,0.08175,0.051,0.08125,0.4865,NA,NA,0.878,NA,0.547,NA,0.02875,0.37825,NA,0.05125,NA,NA,NA,NA,NA,NA,NA,NA,NA,NA,NA,NA,NA,NA,NA,NA,NA,NA,NA,NA,NA,NA,NA,NA,NA,NA,NA,NA,NA,NA,NA
1991,NA,NA,NA,NA,NA,NA,NA,NA,NA,NA,0.14075,NA,NA,NA,NA,NA,0.0745,NA,NA,NA,NA,0.0535,NA,NA,NA,0.0485,0.17,NA,NA,NA,NA,NA,NA,NA,NA,NA,NA,NA,0.0175,NA,NA,NA,NA,0.07825,NA,0.2346667,NA,NA,NA,NA,NA,NA,0.1575,0.871,NA,NA,NA,NA,0.068,0.068,NA,0.17,NA,NA,NA,0.12225,0.10425,NA,NA,NA,NA,NA,NA,NA,NA,0.14325,NA,NA,NA,NA,NA,NA,NA,NA,NA,0.076,NA,0.2575,NA,0.14425,NA,NA,NA,NA,0.1,NA,NA,0.4775,NA,0.15525,NA,NA,0.09625,NA,NA,0.28475,NA,0.071,NA,0.328,NA,0.21725,NA,NA,NA,NA,NA,NA,NA,NA,NA,NA,NA,0.1563333,NA,NA,0.17525,NA,NA,0.14475,NA,NA,NA,NA,NA,NA,NA,NA,NA,NA,NA,NA,NA,NA,0.399,NA,NA,0.03,NA,0.07025,0.08425,0.083,0.23675,NA,NA,1.9666667,NA,0.79425,NA,0.02225,0.358,NA,0.061,NA,NA,NA,NA,NA,NA,NA,NA,NA,NA,NA,NA,NA,NA,NA,NA,NA,NA,NA,NA,NA,NA,NA,NA,NA,NA,NA,NA,NA,NA,NA
1990,NA,NA,NA,NA,NA,NA,NA,NA,NA,NA,0.169,NA,NA,NA,NA,NA,0.25525,NA,NA,NA,NA,0.1485,NA,NA,NA,0.034,0.26475,NA,NA,NA,NA,NA,NA,NA,NA,NA,NA,NA,0.03125,NA,NA,NA,NA,0.06425,NA,0.39,NA,NA,NA,NA,NA,NA,NA,0.21325,NA,NA,NA,NA,0.0925,0.0925,NA,0.158,NA,NA,NA,0.10675,0.0895,NA,NA,NA,NA,NA,NA,NA,NA,0.20525,NA,NA,NA,NA,NA,NA,NA,NA,NA,0.04975,NA,NA,NA,0.0965,NA,NA,NA,NA,0.10575,NA,NA,NA,NA,0.14725,NA,NA,0.132,NA,NA,0.44,NA,0.07275,NA,0.2553333,NA,0.15375,NA,NA,NA,NA,NA,NA,NA,NA,NA,NA,NA,0.1156667,NA,NA,0.1345,NA,NA,0.15,NA,NA,NA,NA,NA,NA,NA,NA,NA,NA,NA,NA,NA,NA,NA,NA,NA,0.0315,NA,0.125,0.168,0.08725,NA,NA,NA,0.3683333,NA,0.33175,NA,0.088,0.5235,NA,0.06325,NA,NA,NA,NA,NA,NA,NA,NA,NA,NA,NA,NA,NA,NA,NA,NA,NA,NA,NA,NA,NA,NA,NA,NA,NA,NA,NA,NA,NA,NA,NA
1989,NA,NA,NA,NA,NA,NA,NA,NA,NA,NA,0.10625,NA,NA,NA,NA,NA,0.2895,NA,NA,NA,NA,0.0825,NA,NA,NA,0.0385,0.1735,NA,NA,NA,NA,NA,NA,NA,NA,NA,NA,NA,0.043,NA,NA,NA,NA,0.04775,NA,0.5206667,NA,NA,NA,NA,NA,NA,NA,NA,NA,NA,NA,NA,0.097,0.097,NA,0.16,NA,NA,NA,0.28675,0.18175,NA,NA,NA,NA,NA,NA,NA,NA,0.089,NA,NA,NA,NA,NA,NA,NA,NA,NA,0.04725,NA,NA,NA,0.08725,NA,NA,NA,NA,0.1095,NA,NA,NA,NA,0.16675,NA,NA,0.0955,NA,NA,0.28525,NA,0.11825,NA,0.3096667,NA,0.14125,NA,NA,NA,NA,NA,NA,NA,NA,NA,NA,NA,0.1336667,NA,NA,0.146,NA,NA,0.20025,NA,NA,NA,NA,NA,NA,NA,NA,NA,NA,NA,NA,NA,NA,NA,NA,NA,0.0385,NA,0.11525,0.14475,0.0485,NA,NA,NA,NA,NA,0.39325,NA,0.04525,0.58975,NA,0.064,NA,NA,NA,NA,NA,NA,NA,NA,NA,NA,NA,NA,NA,NA,NA,NA,NA,NA,NA,NA,NA,NA,NA,NA,NA,NA,NA,NA,NA,NA,NA
1988,NA,NA,NA,NA,NA,NA,NA,NA,NA,NA,0.11325,NA,NA,NA,NA,NA,NA,NA,NA,NA,NA,0.14975,NA,NA,NA,0.0455,0.12625,NA,NA,NA,NA,NA,NA,NA,NA,NA,NA,NA,0.0155,NA,NA,NA,NA,0.05,NA,NA,NA,NA,NA,NA,NA,NA,NA,NA,NA,NA,NA,NA,0.15325,0.15325,NA,0.2815,NA,NA,NA,0.1475,0.16325,NA,NA,NA,NA,NA,NA,NA,NA,NA,NA,NA,NA,NA,NA,NA,NA,NA,NA,0.0615,NA,NA,NA,0.09325,NA,NA,NA,NA,0.0915,NA,NA,NA,NA,0.15925,NA,NA,0.046,NA,NA,0.273,NA,0.10625,NA,0.1636667,NA,NA,NA,NA,NA,NA,NA,NA,NA,NA,NA,NA,NA,0.1043333,NA,NA,0.13575,NA,NA,0.2495,NA,NA,NA,NA,NA,NA,NA,NA,NA,NA,NA,NA,NA,NA,NA,NA,NA,0.04525,NA,0.0885,0.16475,0.05025,NA,NA,NA,NA,NA,NA,NA,0.024,0.33475,NA,0.06725,NA,NA,NA,NA,NA,NA,NA,NA,NA,NA,NA,NA,NA,NA,NA,NA,NA,NA,NA,NA,NA,NA,NA,NA,NA,NA,NA,NA,NA,NA,NA
1987,NA,NA,NA,NA,NA,NA,NA,NA,NA,NA,0.0665,NA,NA,NA,NA,NA,NA,NA,NA,NA,NA,NA,NA,NA,NA,0.04,0.063,NA,NA,NA,NA,NA,NA,NA,NA,NA,NA,NA,0.02575,NA,NA,NA,NA,0.069,NA,NA,NA,NA,NA,NA,NA,NA,NA,NA,NA,NA,NA,NA,0.201,0.201,NA,0.45425,NA,NA,NA,0.15675,0.181,NA,NA,NA,NA,NA,NA,NA,NA,NA,NA,NA,NA,NA,NA,NA,NA,NA,NA,0.069,NA,NA,NA,0.09675,NA,NA,NA,NA,0.0835,NA,NA,NA,NA,0.13975,NA,NA,0.0505,NA,NA,0.55375,NA,0.104,NA,0.1526667,NA,NA,NA,NA,NA,NA,NA,NA,NA,NA,NA,NA,NA,0.063,NA,NA,0.10225,NA,NA,0.30775,NA,NA,NA,NA,NA,NA,NA,NA,NA,NA,NA,NA,NA,NA,NA,NA,NA,0.0455,NA,0.08275,0.05325,0.094,NA,NA,NA,NA,NA,NA,NA,0.02825,NA,NA,0.09775,NA,NA,NA,NA,NA,NA,NA,NA,NA,NA,NA,NA,NA,NA,NA,NA,NA,NA,NA,NA,NA,NA,NA,NA,NA,NA,NA,NA,NA,NA,NA
1986,NA,NA,NA,NA,NA,NA,NA,NA,NA,NA,0.07525,NA,NA,NA,NA,NA,NA,NA,NA,NA,NA,NA,NA,NA,NA,0.03625,0.0965,NA,NA,NA,NA,NA,NA,NA,NA,NA,NA,NA,0.03625,NA,NA,NA,NA,0.06375,NA,NA,NA,NA,NA,NA,NA,NA,NA,NA,NA,NA,NA,NA,NA,NA,NA,0.567,NA,NA,NA,NA,NA,NA,NA,NA,NA,NA,NA,NA,NA,NA,NA,NA,NA,NA,NA,NA,NA,NA,NA,0.07425,NA,NA,NA,0.045,NA,NA,NA,NA,0.066,NA,NA,NA,NA,0.096,NA,NA,0.051,NA,NA,0.342,NA,0.035,NA,0.15466667,NA,NA,NA,NA,NA,NA,NA,NA,NA,NA,NA,NA,NA,0.09066667,NA,NA,NA,NA,NA,0.279,NA,NA,NA,NA,NA,NA,NA,NA,NA,NA,NA,NA,NA,NA,NA,NA,NA,0.04825,NA,0.11125,0.044,0.13525,NA,NA,NA,NA,NA,NA,NA,0.01925,NA,NA,0.0685,NA,NA,NA,NA,NA,NA,NA,NA,NA,NA,NA,NA,NA,NA,NA,NA,NA,NA,NA,NA,NA,NA,NA,NA,NA,NA,NA,NA,NA,NA,NA
1985,NA,NA,NA,NA,NA,NA,NA,NA,NA,NA,0.059,NA,NA,NA,NA,NA,NA,NA,NA,NA,NA,NA,NA,NA,NA,0.05075,0.0955,NA,NA,NA,NA,NA,NA,NA,NA,NA,NA,NA,0.024,NA,NA,NA,NA,0.0585,NA,NA,NA,NA,NA,NA,NA,NA,NA,NA,NA,NA,NA,NA,NA,NA,NA,0.134,NA,NA,NA,NA,NA,NA,NA,NA,NA,NA,NA,NA,NA,NA,NA,NA,NA,NA,NA,NA,NA,NA,NA,0.06275,NA,NA,NA,0.0515,NA,NA,NA,NA,0.191,NA,NA,NA,NA,0.149,NA,NA,0.04025,NA,NA,NA,NA,0.1515,NA,0.065,NA,NA,NA,NA,NA,NA,NA,NA,NA,NA,NA,NA,NA,0.09966667,NA,NA,NA,NA,NA,0.3065,NA,NA,NA,NA,NA,NA,NA,NA,NA,NA,NA,NA,NA,NA,NA,NA,NA,0.08375,NA,0.14175,0.0975,0.1105,NA,NA,NA,NA,NA,NA,NA,0.0225,NA,NA,0.06975,NA,NA,NA,NA,NA,NA,NA,NA,NA,NA,NA,NA,NA,NA,NA,NA,NA,NA,NA,NA,NA,NA,NA,NA,NA,NA,NA,NA,NA,NA,NA
1984,NA,NA,NA,NA,NA,NA,NA,NA,NA,NA,0.08975,NA,NA,NA,NA,NA,NA,NA,NA,NA,NA,NA,NA,NA,NA,0.0595,NA,NA,NA,NA,NA,NA,NA,NA,NA,NA,NA,NA,0.02425,NA,NA,NA,NA,0.05425,NA,NA,NA,NA,NA,NA,NA,NA,NA,NA,NA,NA,NA,NA,NA,NA,NA,NA,NA,NA,NA,NA,NA,NA,NA,NA,NA,NA,NA,NA,NA,NA,NA,NA,NA,NA,NA,NA,NA,NA,NA,0.04875,NA,NA,NA,0.02975,NA,NA,NA,NA,0.095,NA,NA,NA,NA,0.14025,NA,NA,0.05075,NA,NA,NA,NA,0.12675,NA,0.068,NA,NA,NA,NA,NA,NA,NA,NA,NA,NA,NA,NA,NA,0.1376667,NA,NA,NA,NA,NA,0.48575,NA,NA,NA,NA,NA,NA,NA,NA,NA,NA,NA,NA,NA,NA,NA,NA,NA,0.04075,NA,0.09,0.107,0.11,NA,NA,NA,NA,NA,NA,NA,0.02175,NA,NA,0.1035,NA,NA,NA,NA,NA,NA,NA,NA,NA,NA,NA,NA,NA,NA,NA,NA,NA,NA,NA,NA,NA,NA,NA,NA,NA,NA,NA,NA,NA,NA,NA
1983,NA,NA,NA,NA,NA,NA,NA,NA,NA,NA,0.1355,NA,NA,NA,NA,NA,NA,NA,NA,NA,NA,NA,NA,NA,NA,0.04525,NA,NA,NA,NA,NA,NA,NA,NA,NA,NA,NA,NA,0.01875,NA,NA,NA,NA,0.0745,NA,NA,NA,NA,NA,NA,NA,NA,NA,NA,NA,NA,NA,NA,NA,NA,NA,NA,NA,NA,NA,NA,NA,NA,NA,NA,NA,NA,NA,NA,NA,NA,NA,NA,NA,NA,NA,NA,NA,NA,NA,0.07375,NA,NA,NA,0.03575,NA,NA,NA,NA,0.1325,NA,NA,NA,NA,0.03625,NA,NA,0.0175,NA,NA,NA,NA,0.05825,NA,0.09966667,NA,NA,NA,NA,NA,NA,NA,NA,NA,NA,NA,NA,NA,0.09466667,NA,NA,NA,NA,NA,NA,NA,NA,NA,NA,NA,NA,NA,NA,NA,NA,NA,NA,NA,NA,NA,NA,NA,0.06325,NA,0.22025,0.09425,0.15225,NA,NA,NA,NA,NA,NA,NA,0.01775,NA,NA,0.0185,NA,NA,NA,NA,NA,NA,NA,NA,NA,NA,NA,NA,NA,NA,NA,NA,NA,NA,NA,NA,NA,NA,NA,NA,NA,NA,NA,NA,NA,NA,NA
1982,NA,NA,NA,NA,NA,NA,NA,NA,NA,NA,0.09075,NA,NA,NA,NA,NA,NA,NA,NA,NA,NA,NA,NA,NA,NA,0.0495,NA,NA,NA,NA,NA,NA,NA,NA,NA,NA,NA,NA,0.02475,NA,NA,NA,NA,0.08425,NA,NA,NA,NA,NA,NA,NA,NA,NA,NA,NA,NA,NA,NA,NA,NA,NA,NA,NA,NA,NA,NA,NA,NA,NA,NA,NA,NA,NA,NA,NA,NA,NA,NA,NA,NA,NA,NA,NA,NA,NA,0.152,NA,NA,NA,0.04425,NA,NA,NA,NA,0.1225,NA,NA,NA,NA,0.0255,NA,NA,0.04575,NA,NA,NA,NA,0.037,NA,0.17,NA,NA,NA,NA,NA,NA,NA,NA,NA,NA,NA,NA,NA,0.161,NA,NA,NA,NA,NA,NA,NA,NA,NA,NA,NA,NA,NA,NA,NA,NA,NA,NA,NA,NA,NA,NA,NA,0.10725,NA,0.22975,0.16875,0.18925,NA,NA,NA,NA,NA,NA,NA,0.023,NA,NA,0.139,NA,NA,NA,NA,NA,NA,NA,NA,NA,NA,NA,NA,NA,NA,NA,NA,NA,NA,NA,NA,NA,NA,NA,NA,NA,NA,NA,NA,NA,NA,NA
1981,NA,NA,NA,NA,NA,NA,NA,NA,NA,NA,0.44375,NA,NA,NA,NA,NA,NA,NA,NA,NA,NA,NA,NA,NA,NA,0.06675,NA,NA,NA,NA,NA,NA,NA,NA,NA,NA,NA,NA,0.0185,NA,NA,NA,NA,0.062,NA,NA,NA,NA,NA,NA,NA,NA,NA,NA,NA,NA,NA,NA,NA,NA,NA,NA,NA,NA,NA,NA,NA,NA,NA,NA,NA,NA,NA,NA,NA,NA,NA,NA,NA,NA,NA,NA,NA,NA,NA,0.0835,NA,NA,NA,0.0555,NA,NA,NA,NA,0.16175,NA,NA,NA,NA,0.02775,NA,NA,0.07225,NA,NA,NA,NA,0.053,NA,0.2986667,NA,NA,NA,NA,NA,NA,NA,NA,NA,NA,NA,NA,NA,NA,NA,NA,NA,NA,NA,NA,NA,NA,NA,NA,NA,NA,NA,NA,NA,NA,NA,NA,NA,NA,NA,NA,NA,0.07325,NA,0.07175,0.13625,0.2215,NA,NA,NA,NA,NA,NA,NA,0.01825,NA,NA,0.08125,NA,NA,NA,NA,NA,NA,NA,NA,NA,NA,NA,NA,NA,NA,NA,NA,NA,NA,NA,NA,NA,NA,NA,NA,NA,NA,NA,NA,NA,NA,NA
1980,NA,NA,NA,NA,NA,NA,NA,NA,NA,NA,NA,NA,NA,NA,NA,NA,NA,NA,NA,NA,NA,NA,NA,NA,NA,0.0615,NA,NA,NA,NA,NA,NA,NA,NA,NA,NA,NA,NA,0.02325,NA,NA,NA,NA,0.0855,NA,NA,NA,NA,NA,NA,NA,NA,NA,NA,NA,NA,NA,NA,NA,NA,NA,NA,NA,NA,NA,NA,NA,NA,NA,NA,NA,NA,NA,NA,NA,NA,NA,NA,NA,NA,NA,NA,NA,NA,NA,0.126,NA,NA,NA,0.05725,NA,NA,NA,NA,0.0365,NA,NA,NA,NA,0.03125,NA,NA,0.0905,NA,NA,NA,NA,0.01825,NA,0.1383333,NA,NA,NA,NA,NA,NA,NA,NA,NA,NA,NA,NA,NA,NA,NA,NA,NA,NA,NA,NA,NA,NA,NA,NA,NA,NA,NA,NA,NA,NA,NA,NA,NA,NA,NA,NA,NA,0.04975,NA,0.1145,0.1975,0.2255,NA,NA,NA,NA,NA,NA,NA,0.0295,NA,NA,0.0925,NA,NA,NA,NA,NA,NA,NA,NA,NA,NA,NA,NA,NA,NA,NA,NA,NA,NA,NA,NA,NA,NA,NA,NA,NA,NA,NA,NA,NA,NA,NA
1979,NA,NA,NA,NA,NA,NA,NA,NA,NA,NA,NA,NA,NA,NA,NA,NA,NA,NA,NA,NA,NA,NA,NA,NA,NA,0.0725,NA,NA,NA,NA,NA,NA,NA,NA,NA,NA,NA,NA,0.02625,NA,NA,NA,NA,0.05675,NA,NA,NA,NA,NA,NA,NA,NA,NA,NA,NA,NA,NA,NA,NA,NA,NA,NA,NA,NA,NA,NA,NA,NA,NA,NA,NA,NA,NA,NA,NA,NA,NA,NA,NA,NA,NA,NA,NA,NA,NA,0.1505,NA,NA,NA,0.0435,NA,NA,NA,NA,0.024,NA,NA,NA,NA,0.044,NA,NA,0.0905,NA,NA,NA,NA,0.05,NA,0.114,NA,NA,NA,NA,NA,NA,NA,NA,NA,NA,NA,NA,NA,NA,NA,NA,NA,NA,NA,NA,NA,NA,NA,NA,NA,NA,NA,NA,NA,NA,NA,NA,NA,NA,NA,NA,NA,0.04925,NA,0.06225,0.1605,0.159,NA,NA,NA,NA,NA,NA,NA,0.023,NA,NA,0.1305,NA,NA,NA,NA,NA,NA,NA,NA,NA,NA,NA,NA,NA,NA,NA,NA,NA,NA,NA,NA,NA,NA,NA,NA,NA,NA,NA,NA,NA,NA,NA
1978,NA,NA,NA,NA,NA,NA,NA,NA,NA,NA,NA,NA,NA,NA,NA,NA,NA,NA,NA,NA,NA,NA,NA,NA,NA,0.109,NA,NA,NA,NA,NA,NA,NA,NA,NA,NA,NA,NA,0.02025,NA,NA,NA,NA,0.054,NA,NA,NA,NA,NA,NA,NA,NA,NA,NA,NA,NA,NA,NA,NA,NA,NA,NA,NA,NA,NA,NA,NA,NA,NA,NA,NA,NA,NA,NA,NA,NA,NA,NA,NA,NA,NA,NA,NA,NA,NA,0.15075,NA,NA,NA,0.056,NA,NA,NA,NA,0.15875,NA,NA,NA,NA,0.09575,NA,NA,0.09975,NA,NA,NA,NA,0.13325,NA,0.157,NA,NA,NA,NA,NA,NA,NA,NA,NA,NA,NA,NA,NA,NA,NA,NA,NA,NA,NA,NA,NA,NA,NA,NA,NA,NA,NA,NA,NA,NA,NA,NA,NA,NA,NA,NA,NA,0.042,NA,0.06575,0.22975,0.1325,NA,NA,NA,NA,NA,NA,NA,0.02225,NA,NA,0.162,NA,NA,NA,NA,NA,NA,NA,NA,NA,NA,NA,NA,NA,NA,NA,NA,NA,NA,NA,NA,NA,NA,NA,NA,NA,NA,NA,NA,NA,NA,NA
1977,NA,NA,NA,NA,NA,NA,NA,NA,NA,NA,NA,NA,NA,NA,NA,NA,NA,NA,NA,NA,NA,NA,NA,NA,NA,0.105,NA,NA,NA,NA,NA,NA,NA,NA,NA,NA,NA,NA,0.023,NA,NA,NA,NA,0.065,NA,NA,NA,NA,NA,NA,NA,NA,NA,NA,NA,NA,NA,NA,NA,NA,NA,NA,NA,NA,NA,NA,NA,NA,NA,NA,NA,NA,NA,NA,NA,NA,NA,NA,NA,NA,NA,NA,NA,NA,NA,0.22925,NA,NA,NA,0.0475,NA,NA,NA,NA,0.0485,NA,NA,NA,NA,0.12675,NA,NA,0.08575,NA,NA,NA,NA,0.08125,NA,NA,NA,NA,NA,NA,NA,NA,NA,NA,NA,NA,NA,NA,NA,NA,NA,NA,NA,NA,NA,NA,NA,NA,NA,NA,NA,NA,NA,NA,NA,NA,NA,NA,NA,NA,NA,NA,NA,0.08975,NA,0.05225,0.32375,0.1085,NA,NA,NA,NA,NA,NA,NA,0.02725,NA,NA,0.237,NA,NA,NA,NA,NA,NA,NA,NA,NA,NA,NA,NA,NA,NA,NA,NA,NA,NA,NA,NA,NA,NA,NA,NA,NA,NA,NA,NA,NA,NA,NA
1976,NA,NA,NA,NA,NA,NA,NA,NA,NA,NA,NA,NA,NA,NA,NA,NA,NA,NA,NA,NA,NA,NA,NA,NA,NA,0.1535,NA,NA,NA,NA,NA,NA,NA,NA,NA,NA,NA,NA,0.03625,NA,NA,NA,NA,0.05825,NA,NA,NA,NA,NA,NA,NA,NA,NA,NA,NA,NA,NA,NA,NA,NA,NA,NA,NA,NA,NA,NA,NA,NA,NA,NA,NA,NA,NA,NA,NA,NA,NA,NA,NA,NA,NA,NA,NA,NA,NA,0.0905,NA,NA,NA,0.0675,NA,NA,NA,NA,0.10325,NA,NA,NA,NA,0.1155,NA,NA,0.05275,NA,NA,NA,NA,0.19325,NA,NA,NA,NA,NA,NA,NA,NA,NA,NA,NA,NA,NA,NA,NA,NA,NA,NA,NA,NA,NA,NA,NA,NA,NA,NA,NA,NA,NA,NA,NA,NA,NA,NA,NA,NA,NA,NA,NA,0.15975,NA,0.06025,NA,0.0695,NA,NA,NA,NA,NA,NA,NA,0.021,NA,NA,0.2415,NA,NA,NA,NA,NA,NA,NA,NA,NA,NA,NA,NA,NA,NA,NA,NA,NA,NA,NA,NA,NA,NA,NA,NA,NA,NA,NA,NA,NA,NA,NA
1975,NA,NA,NA,NA,NA,NA,NA,NA,NA,NA,NA,NA,NA,NA,NA,NA,NA,NA,NA,NA,NA,NA,NA,NA,NA,0.252,NA,NA,NA,NA,NA,NA,NA,NA,NA,NA,NA,NA,0.0265,NA,NA,NA,NA,0.0515,NA,NA,NA,NA,NA,NA,NA,NA,NA,NA,NA,NA,NA,NA,NA,NA,NA,NA,NA,NA,NA,NA,NA,NA,NA,NA,NA,NA,NA,NA,NA,NA,NA,NA,NA,NA,NA,NA,NA,NA,NA,0.17025,NA,NA,NA,0.08675,NA,NA,NA,NA,0.175,NA,NA,NA,NA,0.0345,NA,NA,0.0435,NA,NA,NA,NA,0.29375,NA,NA,NA,NA,NA,NA,NA,NA,NA,NA,NA,NA,NA,NA,NA,NA,NA,NA,NA,NA,NA,NA,NA,NA,NA,NA,NA,NA,NA,NA,NA,NA,NA,NA,NA,NA,NA,NA,NA,0.08525,NA,0.06275,NA,0.03325,NA,NA,NA,NA,NA,NA,NA,0.026,NA,NA,0.178,NA,NA,NA,NA,NA,NA,NA,NA,NA,NA,NA,NA,NA,NA,NA,NA,NA,NA,NA,NA,NA,NA,NA,NA,NA,NA,NA,NA,NA,NA,NA
1974,NA,NA,NA,NA,NA,NA,NA,NA,NA,NA,NA,NA,NA,NA,NA,NA,NA,NA,NA,NA,NA,NA,NA,NA,NA,0.2375,NA,NA,NA,NA,NA,NA,NA,NA,NA,NA,NA,NA,0.028,NA,NA,NA,NA,0.052,NA,NA,NA,NA,NA,NA,NA,NA,NA,NA,NA,NA,NA,NA,NA,NA,NA,NA,NA,NA,NA,NA,NA,NA,NA,NA,NA,NA,NA,NA,NA,NA,NA,NA,NA,NA,NA,NA,NA,NA,NA,0.1295,NA,NA,NA,0.03975,NA,NA,NA,NA,0.3305,NA,NA,NA,NA,0.04625,NA,NA,0.0505,NA,NA,NA,NA,0.15875,NA,NA,NA,NA,NA,NA,NA,NA,NA,NA,NA,NA,NA,NA,NA,NA,NA,NA,NA,NA,NA,NA,NA,NA,NA,NA,NA,NA,NA,NA,NA,NA,NA,NA,NA,NA,NA,NA,NA,0.292,NA,0.06925,NA,0.044,NA,NA,NA,NA,NA,NA,NA,0.03025,NA,NA,0.25125,NA,NA,NA,NA,NA,NA,NA,NA,NA,NA,NA,NA,NA,NA,NA,NA,NA,NA,NA,NA,NA,NA,NA,NA,NA,NA,NA,NA,NA,NA,NA
1973,NA,NA,NA,NA,NA,NA,NA,NA,NA,NA,NA,NA,NA,NA,NA,NA,NA,NA,NA,NA,NA,NA,NA,NA,NA,0.24525,NA,NA,NA,NA,NA,NA,NA,NA,NA,NA,NA,NA,0.0245,NA,NA,NA,NA,0.049,NA,NA,NA,NA,NA,NA,NA,NA,NA,NA,NA,NA,NA,NA,NA,NA,NA,NA,NA,NA,NA,NA,NA,NA,NA,NA,NA,NA,NA,NA,NA,NA,NA,NA,NA,NA,NA,NA,NA,NA,NA,0.17175,NA,NA,NA,0.029,NA,NA,NA,NA,0.3955,NA,NA,NA,NA,0.14075,NA,NA,0.06975,NA,NA,NA,NA,0.2275,NA,NA,NA,NA,NA,NA,NA,NA,NA,NA,NA,NA,NA,NA,NA,NA,NA,NA,NA,NA,NA,NA,NA,NA,NA,NA,NA,NA,NA,NA,NA,NA,NA,NA,NA,NA,NA,NA,NA,0.16925,NA,0.061,NA,0.05425,NA,NA,NA,NA,NA,NA,NA,0.03725,NA,NA,0.381,NA,NA,NA,NA,NA,NA,NA,NA,NA,NA,NA,NA,NA,NA,NA,NA,NA,NA,NA,NA,NA,NA,NA,NA,NA,NA,NA,NA,NA,NA,NA
1972,NA,NA,NA,NA,NA,NA,NA,NA,NA,NA,NA,NA,NA,NA,NA,NA,NA,NA,NA,NA,NA,NA,NA,NA,NA,NA,NA,NA,NA,NA,NA,NA,NA,NA,NA,NA,NA,NA,0.02,NA,NA,NA,NA,0.0545,NA,NA,NA,NA,NA,NA,NA,NA,NA,NA,NA,NA,NA,NA,NA,NA,NA,NA,NA,NA,NA,NA,NA,NA,NA,NA,NA,NA,NA,NA,NA,NA,NA,NA,NA,NA,NA,NA,NA,NA,NA,0.21,NA,NA,NA,0.03075,NA,NA,NA,NA,0.18625,NA,NA,NA,NA,0.1,NA,NA,0.0345,NA,NA,NA,NA,0.10775,NA,NA,NA,NA,NA,NA,NA,NA,NA,NA,NA,NA,NA,NA,NA,NA,NA,NA,NA,NA,NA,NA,NA,NA,NA,NA,NA,NA,NA,NA,NA,NA,NA,NA,NA,NA,NA,NA,NA,0.08275,NA,0.04675,NA,0.07025,NA,NA,NA,NA,NA,NA,NA,0.045,NA,NA,0.3535,NA,NA,NA,NA,NA,NA,NA,NA,NA,NA,NA,NA,NA,NA,NA,NA,NA,NA,NA,NA,NA,NA,NA,NA,NA,NA,NA,NA,NA,NA,NA
1971,NA,NA,NA,NA,NA,NA,NA,NA,NA,NA,NA,NA,NA,NA,NA,NA,NA,NA,NA,NA,NA,NA,NA,NA,NA,NA,NA,NA,NA,NA,NA,NA,NA,NA,NA,NA,NA,NA,0.019,NA,NA,NA,NA,0.0785,NA,NA,NA,NA,NA,NA,NA,NA,NA,NA,NA,NA,NA,NA,NA,NA,NA,NA,NA,NA,NA,NA,NA,NA,NA,NA,NA,NA,NA,NA,NA,NA,NA,NA,NA,NA,NA,NA,NA,NA,NA,0.133,NA,NA,NA,0.031,NA,NA,NA,NA,0.116,NA,NA,NA,NA,0.0775,NA,NA,0.114,NA,NA,NA,NA,NA,NA,NA,NA,NA,NA,NA,NA,NA,NA,NA,NA,NA,NA,NA,NA,NA,NA,NA,NA,NA,NA,NA,NA,NA,NA,NA,NA,NA,NA,NA,NA,NA,NA,NA,NA,NA,NA,NA,NA,0.205,NA,0.0505,NA,0.06875,NA,NA,NA,NA,NA,NA,NA,0.0305,NA,NA,NA,NA,NA,NA,NA,NA,NA,NA,NA,NA,NA,NA,NA,NA,NA,NA,NA,NA,NA,NA,NA,NA,NA,NA,NA,NA,NA,NA,NA,NA,NA,NA
1970,NA,NA,NA,NA,NA,NA,NA,NA,NA,NA,NA,NA,NA,NA,NA,NA,NA,NA,NA,NA,NA,NA,NA,NA,NA,NA,NA,NA,NA,NA,NA,NA,NA,NA,NA,NA,NA,NA,0.033,NA,NA,NA,NA,0.03925,NA,NA,NA,NA,NA,NA,NA,NA,NA,NA,NA,NA,NA,NA,NA,NA,NA,NA,NA,NA,NA,NA,NA,NA,NA,NA,NA,NA,NA,NA,NA,NA,NA,NA,NA,NA,NA,NA,NA,NA,NA,0.09575,NA,NA,NA,0.02725,NA,NA,NA,NA,0.08075,NA,NA,NA,NA,0.2615,NA,NA,0.11575,NA,NA,NA,NA,NA,NA,NA,NA,NA,NA,NA,NA,NA,NA,NA,NA,NA,NA,NA,NA,NA,NA,NA,NA,NA,NA,NA,NA,NA,NA,NA,NA,NA,NA,NA,NA,NA,NA,NA,NA,NA,NA,NA,NA,0.148,NA,0.064,NA,0.07725,NA,NA,NA,NA,NA,NA,NA,0.0285,NA,NA,NA,NA,NA,NA,NA,NA,NA,NA,NA,NA,NA,NA,NA,NA,NA,NA,NA,NA,NA,NA,NA,NA,NA,NA,NA,NA,NA,NA,NA,NA,NA,NA
1969,NA,NA,NA,NA,NA,NA,NA,NA,NA,NA,NA,NA,NA,NA,NA,NA,NA,NA,NA,NA,NA,NA,NA,NA,NA,NA,NA,NA,NA,NA,NA,NA,NA,NA,NA,NA,NA,NA,0.01175,NA,NA,NA,NA,0.0885,NA,NA,NA,NA,NA,NA,NA,NA,NA,NA,NA,NA,NA,NA,NA,NA,NA,NA,NA,NA,NA,NA,NA,NA,NA,NA,NA,NA,NA,NA,NA,NA,NA,NA,NA,NA,NA,NA,NA,NA,NA,0.20325,NA,NA,NA,0.0345,NA,NA,NA,NA,0.15375,NA,NA,NA,NA,NA,NA,NA,0.078,NA,NA,NA,NA,NA,NA,NA,NA,NA,NA,NA,NA,NA,NA,NA,NA,NA,NA,NA,NA,NA,NA,NA,NA,NA,NA,NA,NA,NA,NA,NA,NA,NA,NA,NA,NA,NA,NA,NA,NA,NA,NA,NA,NA,0.1965,NA,0.05375,NA,NA,NA,NA,NA,NA,NA,NA,NA,0.034,NA,NA,NA,NA,NA,NA,NA,NA,NA,NA,NA,NA,NA,NA,NA,NA,NA,NA,NA,NA,NA,NA,NA,NA,NA,NA,NA,NA,NA,NA,NA,NA,NA,NA
1968,NA,NA,NA,NA,NA,NA,NA,NA,NA,NA,NA,NA,NA,NA,NA,NA,NA,NA,NA,NA,NA,NA,NA,NA,NA,NA,NA,NA,NA,NA,NA,NA,NA,NA,NA,NA,NA,NA,0.0145,NA,NA,NA,NA,0.0285,NA,NA,NA,NA,NA,NA,NA,NA,NA,NA,NA,NA,NA,NA,NA,NA,NA,NA,NA,NA,NA,NA,NA,NA,NA,NA,NA,NA,NA,NA,NA,NA,NA,NA,NA,NA,NA,NA,NA,NA,NA,NA,NA,NA,NA,0.026,NA,NA,NA,NA,0.08175,NA,NA,NA,NA,NA,NA,NA,0.0775,NA,NA,NA,NA,NA,NA,NA,NA,NA,NA,NA,NA,NA,NA,NA,NA,NA,NA,NA,NA,NA,NA,NA,NA,NA,NA,NA,NA,NA,NA,NA,NA,NA,NA,NA,NA,NA,NA,NA,NA,NA,NA,NA,NA,NA,NA,0.0465,NA,NA,NA,NA,NA,NA,NA,NA,NA,0.0365,NA,NA,NA,NA,NA,NA,NA,NA,NA,NA,NA,NA,NA,NA,NA,NA,NA,NA,NA,NA,NA,NA,NA,NA,NA,NA,NA,NA,NA,NA,NA,NA,NA,NA
1967,NA,NA,NA,NA,NA,NA,NA,NA,NA,NA,NA,NA,NA,NA,NA,NA,NA,NA,NA,NA,NA,NA,NA,NA,NA,NA,NA,NA,NA,NA,NA,NA,NA,NA,NA,NA,NA,NA,0.05475,NA,NA,NA,NA,0.14,NA,NA,NA,NA,NA,NA,NA,NA,NA,NA,NA,NA,NA,NA,NA,NA,NA,NA,NA,NA,NA,NA,NA,NA,NA,NA,NA,NA,NA,NA,NA,NA,NA,NA,NA,NA,NA,NA,NA,NA,NA,NA,NA,NA,NA,0.03525,NA,NA,NA,NA,0.09425,NA,NA,NA,NA,NA,NA,NA,0.09875,NA,NA,NA,NA,NA,NA,NA,NA,NA,NA,NA,NA,NA,NA,NA,NA,NA,NA,NA,NA,NA,NA,NA,NA,NA,NA,NA,NA,NA,NA,NA,NA,NA,NA,NA,NA,NA,NA,NA,NA,NA,NA,NA,NA,NA,NA,0.0575,NA,NA,NA,NA,NA,NA,NA,NA,NA,0.03825,NA,NA,NA,NA,NA,NA,NA,NA,NA,NA,NA,NA,NA,NA,NA,NA,NA,NA,NA,NA,NA,NA,NA,NA,NA,NA,NA,NA,NA,NA,NA,NA,NA,NA
1966,NA,NA,NA,NA,NA,NA,NA,NA,NA,NA,NA,NA,NA,NA,NA,NA,NA,NA,NA,NA,NA,NA,NA,NA,NA,NA,NA,NA,NA,NA,NA,NA,NA,NA,NA,NA,NA,NA,0.08225,NA,NA,NA,NA,0.0455,NA,NA,NA,NA,NA,NA,NA,NA,NA,NA,NA,NA,NA,NA,NA,NA,NA,NA,NA,NA,NA,NA,NA,NA,NA,NA,NA,NA,NA,NA,NA,NA,NA,NA,NA,NA,NA,NA,NA,NA,NA,NA,NA,NA,NA,0.0325,NA,NA,NA,NA,0.44025,NA,NA,NA,NA,NA,NA,NA,0.1375,NA,NA,NA,NA,NA,NA,NA,NA,NA,NA,NA,NA,NA,NA,NA,NA,NA,NA,NA,NA,NA,NA,NA,NA,NA,NA,NA,NA,NA,NA,NA,NA,NA,NA,NA,NA,NA,NA,NA,NA,NA,NA,NA,NA,NA,NA,0.0695,NA,NA,NA,NA,NA,NA,NA,NA,NA,0.061,NA,NA,NA,NA,NA,NA,NA,NA,NA,NA,NA,NA,NA,NA,NA,NA,NA,NA,NA,NA,NA,NA,NA,NA,NA,NA,NA,NA,NA,NA,NA,NA,NA,NA
1965,NA,NA,NA,NA,NA,NA,NA,NA,NA,NA,NA,NA,NA,NA,NA,NA,NA,NA,NA,NA,NA,NA,NA,NA,NA,NA,NA,NA,NA,NA,NA,NA,NA,NA,NA,NA,NA,NA,0.09425,NA,NA,NA,NA,0.05875,NA,NA,NA,NA,NA,NA,NA,NA,NA,NA,NA,NA,NA,NA,NA,NA,NA,NA,NA,NA,NA,NA,NA,NA,NA,NA,NA,NA,NA,NA,NA,NA,NA,NA,NA,NA,NA,NA,NA,NA,NA,NA,NA,NA,NA,0.03425,NA,NA,NA,NA,NA,NA,NA,NA,NA,NA,NA,NA,0.13775,NA,NA,NA,NA,NA,NA,NA,NA,NA,NA,NA,NA,NA,NA,NA,NA,NA,NA,NA,NA,NA,NA,NA,NA,NA,NA,NA,NA,NA,NA,NA,NA,NA,NA,NA,NA,NA,NA,NA,NA,NA,NA,NA,NA,NA,NA,0.07125,NA,NA,NA,NA,NA,NA,NA,NA,NA,0.0325,NA,NA,NA,NA,NA,NA,NA,NA,NA,NA,NA,NA,NA,NA,NA,NA,NA,NA,NA,NA,NA,NA,NA,NA,NA,NA,NA,NA,NA,NA,NA,NA,NA,NA
1964,NA,NA,NA,NA,NA,NA,NA,NA,NA,NA,NA,NA,NA,NA,NA,NA,NA,NA,NA,NA,NA,NA,NA,NA,NA,NA,NA,NA,NA,NA,NA,NA,NA,NA,NA,NA,NA,NA,0.04625,NA,NA,NA,NA,0.05775,NA,NA,NA,NA,NA,NA,NA,NA,NA,NA,NA,NA,NA,NA,NA,NA,NA,NA,NA,NA,NA,NA,NA,NA,NA,NA,NA,NA,NA,NA,NA,NA,NA,NA,NA,NA,NA,NA,NA,NA,NA,NA,NA,NA,NA,0.04025,NA,NA,NA,NA,NA,NA,NA,NA,NA,NA,NA,NA,0.0595,NA,NA,NA,NA,NA,NA,NA,NA,NA,NA,NA,NA,NA,NA,NA,NA,NA,NA,NA,NA,NA,NA,NA,NA,NA,NA,NA,NA,NA,NA,NA,NA,NA,NA,NA,NA,NA,NA,NA,NA,NA,NA,NA,NA,NA,NA,0.0475,NA,NA,NA,NA,NA,NA,NA,NA,NA,0.037,NA,NA,NA,NA,NA,NA,NA,NA,NA,NA,NA,NA,NA,NA,NA,NA,NA,NA,NA,NA,NA,NA,NA,NA,NA,NA,NA,NA,NA,NA,NA,NA,NA,NA
1963,NA,NA,NA,NA,NA,NA,NA,NA,NA,NA,NA,NA,NA,NA,NA,NA,NA,NA,NA,NA,NA,NA,NA,NA,NA,NA,NA,NA,NA,NA,NA,NA,NA,NA,NA,NA,NA,NA,0.0335,NA,NA,NA,NA,0.152,NA,NA,NA,NA,NA,NA,NA,NA,NA,NA,NA,NA,NA,NA,NA,NA,NA,NA,NA,NA,NA,NA,NA,NA,NA,NA,NA,NA,NA,NA,NA,NA,NA,NA,NA,NA,NA,NA,NA,NA,NA,NA,NA,NA,NA,0.084,NA,NA,NA,NA,NA,NA,NA,NA,NA,NA,NA,NA,0.06075,NA,NA,NA,NA,NA,NA,NA,NA,NA,NA,NA,NA,NA,NA,NA,NA,NA,NA,NA,NA,NA,NA,NA,NA,NA,NA,NA,NA,NA,NA,NA,NA,NA,NA,NA,NA,NA,NA,NA,NA,NA,NA,NA,NA,NA,NA,0.04325,NA,NA,NA,NA,NA,NA,NA,NA,NA,0.037,NA,NA,NA,NA,NA,NA,NA,NA,NA,NA,NA,NA,NA,NA,NA,NA,NA,NA,NA,NA,NA,NA,NA,NA,NA,NA,NA,NA,NA,NA,NA,NA,NA,NA
1962,NA,NA,NA,NA,NA,NA,NA,NA,NA,NA,NA,NA,NA,NA,NA,NA,NA,NA,NA,NA,NA,NA,NA,NA,NA,NA,NA,NA,NA,NA,NA,NA,NA,NA,NA,NA,NA,NA,0.035,NA,NA,NA,NA,0.0815,NA,NA,NA,NA,NA,NA,NA,NA,NA,NA,NA,NA,NA,NA,NA,NA,NA,NA,NA,NA,NA,NA,NA,NA,NA,NA,NA,NA,NA,NA,NA,NA,NA,NA,NA,NA,NA,NA,NA,NA,NA,NA,NA,NA,NA,0.13725,NA,NA,NA,NA,NA,NA,NA,NA,NA,NA,NA,NA,0.12275,NA,NA,NA,NA,NA,NA,NA,NA,NA,NA,NA,NA,NA,NA,NA,NA,NA,NA,NA,NA,NA,NA,NA,NA,NA,NA,NA,NA,NA,NA,NA,NA,NA,NA,NA,NA,NA,NA,NA,NA,NA,NA,NA,NA,NA,NA,0.0725,NA,NA,NA,NA,NA,NA,NA,NA,NA,0.045,NA,NA,NA,NA,NA,NA,NA,NA,NA,NA,NA,NA,NA,NA,NA,NA,NA,NA,NA,NA,NA,NA,NA,NA,NA,NA,NA,NA,NA,NA,NA,NA,NA,NA
1961,NA,NA,NA,NA,NA,NA,NA,NA,NA,NA,NA,NA,NA,NA,NA,NA,NA,NA,NA,NA,NA,NA,NA,NA,NA,NA,NA,NA,NA,NA,NA,NA,NA,NA,NA,NA,NA,NA,0.036,NA,NA,NA,NA,NA,NA,NA,NA,NA,NA,NA,NA,NA,NA,NA,NA,NA,NA,NA,NA,NA,NA,NA,NA,NA,NA,NA,NA,NA,NA,NA,NA,NA,NA,NA,NA,NA,NA,NA,NA,NA,NA,NA,NA,NA,NA,NA,NA,NA,NA,0.29275,NA,NA,NA,NA,NA,NA,NA,NA,NA,NA,NA,NA,0.1285,NA,NA,NA,NA,NA,NA,NA,NA,NA,NA,NA,NA,NA,NA,NA,NA,NA,NA,NA,NA,NA,NA,NA,NA,NA,NA,NA,NA,NA,NA,NA,NA,NA,NA,NA,NA,NA,NA,NA,NA,NA,NA,NA,NA,NA,NA,0.161,NA,NA,NA,NA,NA,NA,NA,NA,NA,0.128,NA,NA,NA,NA,NA,NA,NA,NA,NA,NA,NA,NA,NA,NA,NA,NA,NA,NA,NA,NA,NA,NA,NA,NA,NA,NA,NA,NA,NA,NA,NA,NA,NA,NA
1960,NA,NA,NA,NA,NA,NA,NA,NA,NA,NA,NA,NA,NA,NA,NA,NA,NA,NA,NA,NA,NA,NA,NA,NA,NA,NA,NA,NA,NA,NA,NA,NA,NA,NA,NA,NA,NA,NA,0.041,NA,NA,NA,NA,NA,NA,NA,NA,NA,NA,NA,NA,NA,NA,NA,NA,NA,NA,NA,NA,NA,NA,NA,NA,NA,NA,NA,NA,NA,NA,NA,NA,NA,NA,NA,NA,NA,NA,NA,NA,NA,NA,NA,NA,NA,NA,NA,NA,NA,NA,0.29925,NA,NA,NA,NA,NA,NA,NA,NA,NA,NA,NA,NA,0.11675,NA,NA,NA,NA,NA,NA,NA,NA,NA,NA,NA,NA,NA,NA,NA,NA,NA,NA,NA,NA,NA,NA,NA,NA,NA,NA,NA,NA,NA,NA,NA,NA,NA,NA,NA,NA,NA,NA,NA,NA,NA,NA,NA,NA,NA,NA,0.0405,NA,NA,NA,NA,NA,NA,NA,NA,NA,0.1195,NA,NA,NA,NA,NA,NA,NA,NA,NA,NA,NA,NA,NA,NA,NA,NA,NA,NA,NA,NA,NA,NA,NA,NA,NA,NA,NA,NA,NA,NA,NA,NA,NA,NA
1959,NA,NA,NA,NA,NA,NA,NA,NA,NA,NA,NA,NA,NA,NA,NA,NA,NA,NA,NA,NA,NA,NA,NA,NA,NA,NA,NA,NA,NA,NA,NA,NA,NA,NA,NA,NA,NA,NA,0.046,NA,NA,NA,NA,NA,NA,NA,NA,NA,NA,NA,NA,NA,NA,NA,NA,NA,NA,NA,NA,NA,NA,NA,NA,NA,NA,NA,NA,NA,NA,NA,NA,NA,NA,NA,NA,NA,NA,NA,NA,NA,NA,NA,NA,NA,NA,NA,NA,NA,NA,NA,NA,NA,NA,NA,NA,NA,NA,NA,NA,NA,NA,NA,0.1065,NA,NA,NA,NA,NA,NA,NA,NA,NA,NA,NA,NA,NA,NA,NA,NA,NA,NA,NA,NA,NA,NA,NA,NA,NA,NA,NA,NA,NA,NA,NA,NA,NA,NA,NA,NA,NA,NA,NA,NA,NA,NA,NA,NA,NA,NA,0.0325,NA,NA,NA,NA,NA,NA,NA,NA,NA,0.102,NA,NA,NA,NA,NA,NA,NA,NA,NA,NA,NA,NA,NA,NA,NA,NA,NA,NA,NA,NA,NA,NA,NA,NA,NA,NA,NA,NA,NA,NA,NA,NA,NA,NA
1958,NA,NA,NA,NA,NA,NA,NA,NA,NA,NA,NA,NA,NA,NA,NA,NA,NA,NA,NA,NA,NA,NA,NA,NA,NA,NA,NA,NA,NA,NA,NA,NA,NA,NA,NA,NA,NA,NA,0.07025,NA,NA,NA,NA,NA,NA,NA,NA,NA,NA,NA,NA,NA,NA,NA,NA,NA,NA,NA,NA,NA,NA,NA,NA,NA,NA,NA,NA,NA,NA,NA,NA,NA,NA,NA,NA,NA,NA,NA,NA,NA,NA,NA,NA,NA,NA,NA,NA,NA,NA,NA,NA,NA,NA,NA,NA,NA,NA,NA,NA,NA,NA,NA,0.14675,NA,NA,NA,NA,NA,NA,NA,NA,NA,NA,NA,NA,NA,NA,NA,NA,NA,NA,NA,NA,NA,NA,NA,NA,NA,NA,NA,NA,NA,NA,NA,NA,NA,NA,NA,NA,NA,NA,NA,NA,NA,NA,NA,NA,NA,NA,0.029,NA,NA,NA,NA,NA,NA,NA,NA,NA,0.041,NA,NA,NA,NA,NA,NA,NA,NA,NA,NA,NA,NA,NA,NA,NA,NA,NA,NA,NA,NA,NA,NA,NA,NA,NA,NA,NA,NA,NA,NA,NA,NA,NA,NA
1957,NA,NA,NA,NA,NA,NA,NA,NA,NA,NA,NA,NA,NA,NA,NA,NA,NA,NA,NA,NA,NA,NA,NA,NA,NA,NA,NA,NA,NA,NA,NA,NA,NA,NA,NA,NA,NA,NA,0.06925,NA,NA,NA,NA,NA,NA,NA,NA,NA,NA,NA,NA,NA,NA,NA,NA,NA,NA,NA,NA,NA,NA,NA,NA,NA,NA,NA,NA,NA,NA,NA,NA,NA,NA,NA,NA,NA,NA,NA,NA,NA,NA,NA,NA,NA,NA,NA,NA,NA,NA,NA,NA,NA,NA,NA,NA,NA,NA,NA,NA,NA,NA,NA,0.18425,NA,NA,NA,NA,NA,NA,NA,NA,NA,NA,NA,NA,NA,NA,NA,NA,NA,NA,NA,NA,NA,NA,NA,NA,NA,NA,NA,NA,NA,NA,NA,NA,NA,NA,NA,NA,NA,NA,NA,NA,NA,NA,NA,NA,NA,NA,0.13025,NA,NA,NA,NA,NA,NA,NA,NA,NA,0.18825,NA,NA,NA,NA,NA,NA,NA,NA,NA,NA,NA,NA,NA,NA,NA,NA,NA,NA,NA,NA,NA,NA,NA,NA,NA,NA,NA,NA,NA,NA,NA,NA,NA,NA
1956,NA,NA,NA,NA,NA,NA,NA,NA,NA,NA,NA,NA,NA,NA,NA,NA,NA,NA,NA,NA,NA,NA,NA,NA,NA,NA,NA,NA,NA,NA,NA,NA,NA,NA,NA,NA,NA,NA,0.10475,NA,NA,NA,NA,NA,NA,NA,NA,NA,NA,NA,NA,NA,NA,NA,NA,NA,NA,NA,NA,NA,NA,NA,NA,NA,NA,NA,NA,NA,NA,NA,NA,NA,NA,NA,NA,NA,NA,NA,NA,NA,NA,NA,NA,NA,NA,NA,NA,NA,NA,NA,NA,NA,NA,NA,NA,NA,NA,NA,NA,NA,NA,NA,0.1765,NA,NA,NA,NA,NA,NA,NA,NA,NA,NA,NA,NA,NA,NA,NA,NA,NA,NA,NA,NA,NA,NA,NA,NA,NA,NA,NA,NA,NA,NA,NA,NA,NA,NA,NA,NA,NA,NA,NA,NA,NA,NA,NA,NA,NA,NA,NA,NA,NA,NA,NA,NA,NA,NA,NA,NA,NA,NA,NA,NA,NA,NA,NA,NA,NA,NA,NA,NA,NA,NA,NA,NA,NA,NA,NA,NA,NA,NA,NA,NA,NA,NA,NA,NA,NA,NA,NA,NA,NA,NA,NA
1955,NA,NA,NA,NA,NA,NA,NA,NA,NA,NA,NA,NA,NA,NA,NA,NA,NA,NA,NA,NA,NA,NA,NA,NA,NA,NA,NA,NA,NA,NA,NA,NA,NA,NA,NA,NA,NA,NA,0.16,NA,NA,NA,NA,NA,NA,NA,NA,NA,NA,NA,NA,NA,NA,NA,NA,NA,NA,NA,NA,NA,NA,NA,NA,NA,NA,NA,NA,NA,NA,NA,NA,NA,NA,NA,NA,NA,NA,NA,NA,NA,NA,NA,NA,NA,NA,NA,NA,NA,NA,NA,NA,NA,NA,NA,NA,NA,NA,NA,NA,NA,NA,NA,0.2895,NA,NA,NA,NA,NA,NA,NA,NA,NA,NA,NA,NA,NA,NA,NA,NA,NA,NA,NA,NA,NA,NA,NA,NA,NA,NA,NA,NA,NA,NA,NA,NA,NA,NA,NA,NA,NA,NA,NA,NA,NA,NA,NA,NA,NA,NA,NA,NA,NA,NA,NA,NA,NA,NA,NA,NA,NA,NA,NA,NA,NA,NA,NA,NA,NA,NA,NA,NA,NA,NA,NA,NA,NA,NA,NA,NA,NA,NA,NA,NA,NA,NA,NA,NA,NA,NA,NA,NA,NA,NA,NA
1954,NA,NA,NA,NA,NA,NA,NA,NA,NA,NA,NA,NA,NA,NA,NA,NA,NA,NA,NA,NA,NA,NA,NA,NA,NA,NA,NA,NA,NA,NA,NA,NA,NA,NA,NA,NA,NA,NA,0.06325,NA,NA,NA,NA,NA,NA,NA,NA,NA,NA,NA,NA,NA,NA,NA,NA,NA,NA,NA,NA,NA,NA,NA,NA,NA,NA,NA,NA,NA,NA,NA,NA,NA,NA,NA,NA,NA,NA,NA,NA,NA,NA,NA,NA,NA,NA,NA,NA,NA,NA,NA,NA,NA,NA,NA,NA,NA,NA,NA,NA,NA,NA,NA,0.2865,NA,NA,NA,NA,NA,NA,NA,NA,NA,NA,NA,NA,NA,NA,NA,NA,NA,NA,NA,NA,NA,NA,NA,NA,NA,NA,NA,NA,NA,NA,NA,NA,NA,NA,NA,NA,NA,NA,NA,NA,NA,NA,NA,NA,NA,NA,NA,NA,NA,NA,NA,NA,NA,NA,NA,NA,NA,NA,NA,NA,NA,NA,NA,NA,NA,NA,NA,NA,NA,NA,NA,NA,NA,NA,NA,NA,NA,NA,NA,NA,NA,NA,NA,NA,NA,NA,NA,NA,NA,NA,NA
1953,NA,NA,NA,NA,NA,NA,NA,NA,NA,NA,NA,NA,NA,NA,NA,NA,NA,NA,NA,NA,NA,NA,NA,NA,NA,NA,NA,NA,NA,NA,NA,NA,NA,NA,NA,NA,NA,NA,0.22575,NA,NA,NA,NA,NA,NA,NA,NA,NA,NA,NA,NA,NA,NA,NA,NA,NA,NA,NA,NA,NA,NA,NA,NA,NA,NA,NA,NA,NA,NA,NA,NA,NA,NA,NA,NA,NA,NA,NA,NA,NA,NA,NA,NA,NA,NA,NA,NA,NA,NA,NA,NA,NA,NA,NA,NA,NA,NA,NA,NA,NA,NA,NA,0.32425,NA,NA,NA,NA,NA,NA,NA,NA,NA,NA,NA,NA,NA,NA,NA,NA,NA,NA,NA,NA,NA,NA,NA,NA,NA,NA,NA,NA,NA,NA,NA,NA,NA,NA,NA,NA,NA,NA,NA,NA,NA,NA,NA,NA,NA,NA,NA,NA,NA,NA,NA,NA,NA,NA,NA,NA,NA,NA,NA,NA,NA,NA,NA,NA,NA,NA,NA,NA,NA,NA,NA,NA,NA,NA,NA,NA,NA,NA,NA,NA,NA,NA,NA,NA,NA,NA,NA,NA,NA,NA,NA
1952,NA,NA,NA,NA,NA,NA,NA,NA,NA,NA,NA,NA,NA,NA,NA,NA,NA,NA,NA,NA,NA,NA,NA,NA,NA,NA,NA,NA,NA,NA,NA,NA,NA,NA,NA,NA,NA,NA,NA,NA,NA,NA,NA,NA,NA,NA,NA,NA,NA,NA,NA,NA,NA,NA,NA,NA,NA,NA,NA,NA,NA,NA,NA,NA,NA,NA,NA,NA,NA,NA,NA,NA,NA,NA,NA,NA,NA,NA,NA,NA,NA,NA,NA,NA,NA,NA,NA,NA,NA,NA,NA,NA,NA,NA,NA,NA,NA,NA,NA,NA,NA,NA,NA,NA,NA,NA,NA,NA,NA,NA,NA,NA,NA,NA,NA,NA,NA,NA,NA,NA,NA,NA,NA,NA,NA,NA,NA,NA,NA,NA,NA,NA,NA,NA,NA,NA,NA,NA,NA,NA,NA,NA,NA,NA,NA,NA,NA,NA,NA,NA,NA,NA,NA,NA,NA,NA,NA,NA,NA,NA,NA,NA,NA,NA,NA,NA,NA,NA,NA,NA,NA,NA,NA,NA,NA,NA,NA,NA,NA,NA,NA,NA,NA,NA,NA,NA,NA,NA,NA,NA,NA,NA,NA,NA
1951,NA,NA,NA,NA,NA,NA,NA,NA,NA,NA,NA,NA,NA,NA,NA,NA,NA,NA,NA,NA,NA,NA,NA,NA,NA,NA,NA,NA,NA,NA,NA,NA,NA,NA,NA,NA,NA,NA,NA,NA,NA,NA,NA,NA,NA,NA,NA,NA,NA,NA,NA,NA,NA,NA,NA,NA,NA,NA,NA,NA,NA,NA,NA,NA,NA,NA,NA,NA,NA,NA,NA,NA,NA,NA,NA,NA,NA,NA,NA,NA,NA,NA,NA,NA,NA,NA,NA,NA,NA,NA,NA,NA,NA,NA,NA,NA,NA,NA,NA,NA,NA,NA,NA,NA,NA,NA,NA,NA,NA,NA,NA,NA,NA,NA,NA,NA,NA,NA,NA,NA,NA,NA,NA,NA,NA,NA,NA,NA,NA,NA,NA,NA,NA,NA,NA,NA,NA,NA,NA,NA,NA,NA,NA,NA,NA,NA,NA,NA,NA,NA,NA,NA,NA,NA,NA,NA,NA,NA,NA,NA,NA,NA,NA,NA,NA,NA,NA,NA,NA,NA,NA,NA,NA,NA,NA,NA,NA,NA,NA,NA,NA,NA,NA,NA,NA,NA,NA,NA,NA,NA,NA,NA,NA,NA
1950,NA,NA,NA,NA,NA,NA,NA,NA,NA,NA,NA,NA,NA,NA,NA,NA,NA,NA,NA,NA,NA,NA,NA,NA,NA,NA,NA,NA,NA,NA,NA,NA,NA,NA,NA,NA,NA,NA,NA,NA,NA,NA,NA,NA,NA,NA,NA,NA,NA,NA,NA,NA,NA,NA,NA,NA,NA,NA,NA,NA,NA,NA,NA,NA,NA,NA,NA,NA,NA,NA,NA,NA,NA,NA,NA,NA,NA,NA,NA,NA,NA,NA,NA,NA,NA,NA,NA,NA,NA,NA,NA,NA,NA,NA,NA,NA,NA,NA,NA,NA,NA,NA,NA,NA,NA,NA,NA,NA,NA,NA,NA,NA,NA,NA,NA,NA,NA,NA,NA,NA,NA,NA,NA,NA,NA,NA,NA,NA,NA,NA,NA,NA,NA,NA,NA,NA,NA,NA,NA,NA,NA,NA,NA,NA,NA,NA,NA,NA,NA,NA,NA,NA,NA,NA,NA,NA,NA,NA,NA,NA,NA,NA,NA,NA,NA,NA,NA,NA,NA,NA,NA,NA,NA,NA,NA,NA,NA,NA,NA,NA,NA,NA,NA,NA,NA,NA,NA,NA,NA,NA,NA,NA,NA,NA